Workbook

Sheet DE ( Tarik barang retur )
A1: requested_tracking_number | B1: global_shipper_id | C1: service_type | D1: reference.merchant_order_number | E1: service_level | F1: from.name | G1: from.phone_number | H1: from.address.address1 | I1: from.address.country | J1: to.name | K1: to.phone_number | L1: to.address.address1 | M1: to.address.country | N1: to.address.kecamatan | O1: to.address.city | P1: to.address.province | Q1: to.address.postcode | R1: parcel_job.delivery_instructions | S1: parcel_job.delivery_start_date | T1: parcel_job.delivery_timeslot.start_time | U1: parcel_job.delivery_timeslot.end_time | V1: parcel_job.delivery_timeslot.timezone | W1: parcel_job.dimensions.weight | X1: parcel_job.is_pickup_required | Y1: parcel_job.items.0.item_description | Z1: parcel_job.items.0.is_dangerous_good | AA1: b2b.documents_required | AB1: bundle_information.total_quantity | AC1: bundle_information.requested_piece_tracking_numbers | AD1: parcel_job.insured_value | AE1: corporate.branch_id | AF1: parcel_job.pickup_date | AG1: parcel_job.pickup_timeslot.start_time | AH1: parcel_job.pickup_timeslot.end_time | AI1: parcel_job.pickup_timeslot.timezone | AJ1: parcel_job.pickup_instructions
A2: AWBR-10859-2026-4-17 | B2: 11398423 | C2: Corporate B2B Bundle | D2: 26033013582985PgyfIVBK | E2: STANDARD | F2: Apotek Citayam Farma Bojong Pondok Terong Cipayung | G2: 6.28517e+17 | H2: Jl. Raya Cipayung No.1, RT.03/RW10, Desa/Kel. Bojong Pondok Terong, Kec. Cipayung, Kota Depok 16436 | I2: ID | J2: PT Teknologi Medika Pratama (SwipeRx) (B2BR) | K2: 87733785699 | L2: Jl. Tugu Raya, Tugu, Kec. Cimanggis, Kota Depok, Jawa Barat 16451,KUBIK LOGISTICS - Kompleks Pergudangan,Gudang E1 | M2: ID | N2: Cimanggis | O2: Depok | P2: Jawa barat | Q2: 16451 | R2: TMP-INV-2026/03/31/ 2586421SGM EKSPLOR GAIN OPTIGROW Sarihusada DUS, ALUMUNIUM FOIL @ 400 GTarik Barang Retur & Wajib bawa BA retur | S2: 46153 | T2: 0.375 | U2: 0.91666667 | V2: Asia/Jakarta | W2: 1 | X2: TRUE | Y2: OBAT | Z2: FALSE | AB2: 1 | AC2: AWBR-10859-2026-4-17-01 | AD2: 0 | AE2: 1 | AF2: 46153 | AG2: 0.375 | AH2: 0.91666667 | AI2: Asia/Jakarta | AJ2: Pickup Return, wajib bawa form BA Return. Bilang ke Apotek “mau tarik barang”. Jika tidak ada barang, tulis keterangan “tidak ada barang retur” di form BA
A3: AWBR-4606-2026-5-11-1 | B3: 11398423 | C3: Corporate B2B Bundle | D3: 25012410200620NHRbykaYKC | E3: STANDARD | F3: Apotek Singojuruh | G3: 6.2853e+16 | H3: Jl Aruji Kartawinata 02/02 Kel.Singojuruh Kec.Singojuruh Kab.Banyuwangi Jawa Timur 68464 | I3: ID | J3: PT Teknologi Medika Pratama (SwipeRx) (B2BR) | K3: 6.28514e+17 | L3: Jl. Rungkut Industri III No.12, Kutisari, Kec. Tenggilis Mejoyo, Surabaya, Jawa Timur 60291 | M3: ID | N3: Tenggilis Mejoyo | O3: Surabaya | P3: Jawa Timur | Q3: 60291 | R3: TMP-INV-2025/01/25/ 1305668 - CURVIT Soho SIRUP - Tarik Barang Retur | S3: 46155 | T3: 0.375 | U3: 0.91666667 | V3: Asia/Jakarta | W3: 1 | X3: TRUE | Y3: OBAT | Z3: FALSE | AB3: 1 | AC3: AWBR-4606-2026-5-11-1-01 | AD3: 0 | AE3: 1 | AF3: 46155 | AG3: 0.375 | AH3: 0.91666667 | AI3: Asia/Jakarta | AJ3: Pickup Return, wajib bawa form BA Return. Bilang ke Apotek “mau tarik barang”. Jika tidak ada barang, tulis keterangan “tidak ada barang retur” di form BA
A4: AWBR-12411-2026-5-16 | B4: 11398423 | C4: Corporate B2B Bundle | D4: 26042802052677jEINi46Brs | E4: STANDARD | F4: Apotek Bintang Sehat 1 Jayamulya Serang Baru | G4: 6.28199e+17 | H4: Perum Grand Vista Blok D1 RT 003 RW 009 Desa Jayamulya Kec. Serang Baru Kab. Bekasi | I4: ID | J4: PT Teknologi Medika Pratama (SwipeRx) (B2BR) | K4: 87733785699 | L4: Jl. Tugu Raya, Tugu, Kec. Cimanggis, Kota Depok, Jawa Barat 16451,KUBIK LOGISTICS - Kompleks Pergudangan,Gudang E1 | M4: ID | N4: Cimanggis | O4: Depok | P4: Jawa barat | Q4: 16451 | R4: TMP-INV-2026/04/28/ 2685534HERBORIST MINYAK ZAITUN Victoria Care BOTOL @ 75 MLTarik Barang Retur | S4: 46158 | T4: 0.375 | U4: 0.91666667 | V4: Asia/Jakarta | W4: 1 | X4: TRUE | Y4: OBAT | Z4: FALSE | AB4: 1 | AC4: AWBR-12411-2026-5-16-01 | AD4: 0 | AE4: 1 | AF4: 46158 | AG4: 0.375 | AH4: 0.91666667 | AI4: Asia/Jakarta | AJ4: Pickup Return, wajib bawa form BA Return. Bilang ke Apotek “mau tarik barang”. Jika tidak ada barang, tulis keterangan “tidak ada barang retur” di form BA
A5: AWBR-12377-2026-5-16 | B5: 11398423 | C5: Corporate B2B Bundle | D5: 26042002141604sR64H1lq | E5: STANDARD | F5: Apotek Bintang Sehat Sukaragam Serang Baru | G5: 6.28125e+17 | H5: Perum Mega Regency Blok H1 No. 30 Desa Sukaragam Kec. Serang Baru Kab. Bekasi | I5: ID | J5: PT Teknologi Medika Pratama (SwipeRx) (B2BR) | K5: 87733785699 | L5: Jl. Tugu Raya, Tugu, Kec. Cimanggis, Kota Depok, Jawa Barat 16451,KUBIK LOGISTICS - Kompleks Pergudangan,Gudang E1 | M5: ID | N5: Cimanggis | O5: Depok | P5: Jawa barat | Q5: 16451 | R5: TMP-INV-2026/04/20/ 2655815Tarik Barang Retur | S5: 46158 | T5: 0.375 | U5: 0.91666667 | V5: Asia/Jakarta | W5: 1 | X5: TRUE | Y5: OBAT | Z5: FALSE | AB5: 1 | AC5: AWBR-12377-2026-5-16-01 | AD5: 0 | AE5: 1 | AF5: 46158 | AG5: 0.375 | AH5: 0.91666667 | AI5: Asia/Jakarta | AJ5: Pickup Return, wajib bawa form BA Return. Bilang ke Apotek “mau tarik barang”. Jika tidak ada barang, tulis keterangan “tidak ada barang retur” di form BA
A6: AWBR-10720-2026-5-16 | B6: 11398423 | C6: Corporate B2B Bundle | D6: 26040605461503nMH7TsTY9j | E6: STANDARD | F6: Apotek K24 Sukasari Sukasari Serang Baru | G6: 81776481573 | H6: Ruko Serang-Cibarusah No. 3 Jl. Raya Serang Cibarusah Kp. Pasar Randu, Kel. Sukasari Kec. Serang Baru Kab. Bekasi 17330 | I6: ID | J6: PT Teknologi Medika Pratama (SwipeRx) (B2BR) | K6: 87733785699 | L6: Jl. Tugu Raya, Tugu, Kec. Cimanggis, Kota Depok, Jawa Barat 16451,KUBIK LOGISTICS - Kompleks Pergudangan,Gudang E1 | M6: ID | N6: Cimanggis | O6: Depok | P6: Jawa barat | Q6: 16451 | R6: TMP-INV-2026/04/07/ 2610048INTERLAC Interbat DROPS DUS, BOTOL KACA 5 MLTarik Barang Retur | S6: 46158 | T6: 0.375 | U6: 0.91666667 | V6: Asia/Jakarta | W6: 1 | X6: TRUE | Y6: OBAT | Z6: FALSE | AB6: 1 | AC6: AWBR-10720-2026-5-16-01 | AD6: 0 | AE6: 1 | AF6: 46158 | AG6: 0.375 | AH6: 0.91666667 | AI6: Asia/Jakarta | AJ6: Pickup Return, wajib bawa form BA Return. Bilang ke Apotek “mau tarik barang”. Jika tidak ada barang, tulis keterangan “tidak ada barang retur” di form BA
A7: AWBR-16863-2026-5-16 | B7: 11398423 | C7: Corporate B2B Bundle | D7: 26042707183212wZ262nubF | E7: STANDARD | F7: Apotek Enggal Waras Tiga Bojongpicung Bojongpicung | G7: 6.28213e+17 | H7: Kp. Bojongpicung RT. 001 RW. 003 Desa. Bojongpicung Kecamatan. Bojongpicung Kabupaten Cianjur | I7: ID | J7: PT Teknologi Medika Pratama (SwipeRx) (B2BR) | K7: 87733785699 | L7: Jl. Tugu Raya, Tugu, Kec. Cimanggis, Kota Depok, Jawa Barat 16451,KUBIK LOGISTICS - Kompleks Pergudangan,Gudang E1 | M7: ID | N7: Cimanggis | O7: Depok | P7: Jawa barat | Q7: 16451 | R7: TMP-INV-2026/04/28/ 2687857SGM LLM+ DUS, KARTON 400 GTarik Barang Retur | S7: 46158 | T7: 0.375 | U7: 0.91666667 | V7: Asia/Jakarta | W7: 1 | X7: TRUE | Y7: OBAT | Z7: FALSE | AB7: 1 | AC7: AWBR-16863-2026-5-16-01 | AD7: 0 | AE7: 1 | AF7: 46158 | AG7: 0.375 | AH7: 0.91666667 | AI7: Asia/Jakarta | AJ7: Pickup Return, wajib bawa form BA Return. Bilang ke Apotek “mau tarik barang”. Jika tidak ada barang, tulis keterangan “tidak ada barang retur” di form BA
A8: AWBR-8604-2026-5-16 | B8: 11398423 | C8: Corporate B2B Bundle | D8: 26042314484910WriHfjQo | E8: STANDARD | F8: Apotek Rahayu Farma Cinangka Bungursari | G8: 82216766044 | H8: Jl. Cinangka No.23 RT.05 RW.03, Kel. Cinangka, Kec. Bungursari, Kab. Purwakarta, 41181 | I8: ID | J8: PT Teknologi Medika Pratama (SwipeRx) (B2BR) | K8: 87733785699 | L8: Jl. Tugu Raya, Tugu, Kec. Cimanggis, Kota Depok, Jawa Barat 16451,KUBIK LOGISTICS - Kompleks Pergudangan,Gudang E1 | M8: ID | N8: Cimanggis | O8: Depok | P8: Jawa barat | Q8: 16451 | R8: TMP-INV-2026/04/24/ 2674250Semua Barang di Faktur TMP-INV-2026/04/24/ 2674250Tarik Barang Damaged | S8: 46158 | T8: 0.375 | U8: 0.91666667 | V8: Asia/Jakarta | W8: 1 | X8: TRUE | Y8: OBAT | Z8: FALSE | AB8: 1 | AC8: AWBR-8604-2026-5-16-01 | AD8: 0 | AE8: 1 | AF8: 46158 | AG8: 0.375 | AH8: 0.91666667 | AI8: Asia/Jakarta | AJ8: Pickup Return, wajib bawa form BA Return. Bilang ke Apotek “mau tarik barang”. Jika tidak ada barang, tulis keterangan “tidak ada barang retur” di form BA
A9: AWBR-10615-2026-5-16 | B9: 11398423 | C9: Corporate B2B Bundle | D9: 26042003281955evVhe58S | E9: STANDARD | F9: Apotek Cahaya Pratama Nagrak Gunung Putri | G9: 6.28121e+16 | H9: Perumahan Legenda Wisata Cibubur Blok U12 No. 12 Desa Nagrak Kecamatan Gunung Putri Kabupaten Bogor | I9: ID | J9: PT Teknologi Medika Pratama (SwipeRx) (B2BR) | K9: 87733785699 | L9: Jl. Tugu Raya, Tugu, Kec. Cimanggis, Kota Depok, Jawa Barat 16451,KUBIK LOGISTICS - Kompleks Pergudangan,Gudang E1 | M9: ID | N9: Cimanggis | O9: Depok | P9: Jawa barat | Q9: 16451 | R9: TMP-INV-2026/04/20/ 2657865 & ALERZIN 10 Sampharindo TABLET 10 MG DUS, 10 AMPLOP @ 1 STRIP @ 10 TABLET SALUT SELAPUT & ZITANID Novell TABLET 2 MG DUS, 3 STRIP @ 10 TABLETTarik Barang Retur | S9: 46158 | T9: 0.375 | U9: 0.91666667 | V9: Asia/Jakarta | W9: 1 | X9: TRUE | Y9: OBAT | Z9: FALSE | AB9: 1 | AC9: AWBR-10615-2026-5-16-01 | AD9: 0 | AE9: 1 | AF9: 46158 | AG9: 0.375 | AH9: 0.91666667 | AI9: Asia/Jakarta | AJ9: Pickup Return, wajib bawa form BA Return. Bilang ke Apotek “mau tarik barang”. Jika tidak ada barang, tulis keterangan “tidak ada barang retur” di form BA
A10: AWBR-16765-2026-5-16 | B10: 11398423 | C10: Corporate B2B Bundle | D10: 26042812441924lNfuzKSQr | E10: STANDARD | F10: Apotek Madison Sehat Ciangsana Gunung Putri | G10: 6.28121e+17 | H10: Ruko Downtown Madison Blok SHC 8/2, Desa/Kelurahan Ciangsana, Kec. Gunung Putri, Kab. Bogor | I10: ID | J10: PT Teknologi Medika Pratama (SwipeRx) (B2BR) | K10: 87733785699 | L10: Jl. Tugu Raya, Tugu, Kec. Cimanggis, Kota Depok, Jawa Barat 16451,KUBIK LOGISTICS - Kompleks Pergudangan,Gudang E1 | M10: ID | N10: Cimanggis | O10: Depok | P10: Jawa barat | Q10: 16451 | R10: TMP-INV-2026/04/29/ 2689820ROSUVASTATIN CALCIUM Novell TABLET 20 MG DUS, 2 STRIP @ 10 TABLET SALUT SELAPUTTarik Barang Retur | S10: 46158 | T10: 0.375 | U10: 0.91666667 | V10: Asia/Jakarta | W10: 1 | X10: TRUE | Y10: OBAT | Z10: FALSE | AB10: 1 | AC10: AWBR-16765-2026-5-16-01 | AD10: 0 | AE10: 1 | AF10: 46158 | AG10: 0.375 | AH10: 0.91666667 | AI10: Asia/Jakarta | AJ10: Pickup Return, wajib bawa form BA Return. Bilang ke Apotek “mau tarik barang”. Jika tidak ada barang, tulis keterangan “tidak ada barang retur” di form BA
A11: AWBR-1288-2026-5-16 | B11: 11398423 | C11: Corporate B2B Bundle | D11: 26050410225303b1fZxbejo | E11: STANDARD | F11: Apotek Sehat Utama | G11: 8128011014 | H11: Jalan Raya Narogong KM. 22 No. 62 RT 007 RW 005 Desa Cileungsi Kecamatan Cileungsi Kabupaten Bogor 16820 | I11: ID | J11: PT Teknologi Medika Pratama (SwipeRx) (B2BR) | K11: 87733785699 | L11: Jl. Tugu Raya, Tugu, Kec. Cimanggis, Kota Depok, Jawa Barat 16451,KUBIK LOGISTICS - Kompleks Pergudangan,Gudang E1 | M11: ID | N11: Cimanggis | O11: Depok | P11: Jawa barat | Q11: 16451 | R11: TMP-INV-2026/05/05/ 2711278GABAPENTIN Hexpharm KAPSUL 100 MG DUS, 10 STRIP @ 10 KAPSULTarik Barang Retur | S11: 46158 | T11: 0.375 | U11: 0.91666667 | V11: Asia/Jakarta | W11: 1 | X11: TRUE | Y11: OBAT | Z11: FALSE | AB11: 1 | AC11: AWBR-1288-2026-5-16-01 | AD11: 0 | AE11: 1 | AF11: 46158 | AG11: 0.375 | AH11: 0.91666667 | AI11: Asia/Jakarta | AJ11: Pickup Return, wajib bawa form BA Return. Bilang ke Apotek “mau tarik barang”. Jika tidak ada barang, tulis keterangan “tidak ada barang retur” di form BA
A12: AWBR-3040-2026-5-16 | B12: 11398423 | C12: Corporate B2B Bundle | D12: 260501001157611qk7q9kxV | E12: STANDARD | F12: Apotek Tasha Sehat | G12: 87808789981 | H12: Ruko Sentra Eropa Blok D No. 16 Desa Ciangsana Kecamatan Gunung Putri Kabupaten Bogor Provinsi Jawa Barat | I12: ID | J12: PT Teknologi Medika Pratama (SwipeRx) (B2BR) | K12: 87733785699 | L12: Jl. Tugu Raya, Tugu, Kec. Cimanggis, Kota Depok, Jawa Barat 16451,KUBIK LOGISTICS - Kompleks Pergudangan,Gudang E1 | M12: ID | N12: Cimanggis | O12: Depok | P12: Jawa barat | Q12: 16451 | R12: TMP-INV-2026/05/01/ 2697754 & TMP-INV-2026/05/01/ 2697911 HANSAPLAST FUN KAIN ELASTIS Beiersdorf DUS, 100 LEMBAR & L-BIO CAP Lapi KAPSUL DUS, 2 BOTOL PLASTIK @ 15 KAPSULTarik Barang Retur | S12: 46158 | T12: 0.375 | U12: 0.91666667 | V12: Asia/Jakarta | W12: 1 | X12: TRUE | Y12: OBAT | Z12: FALSE | AB12: 1 | AC12: AWBR-3040-2026-5-16-01 | AD12: 0 | AE12: 1 | AF12: 46158 | AG12: 0.375 | AH12: 0.91666667 | AI12: Asia/Jakarta | AJ12: Pickup Return, wajib bawa form BA Return. Bilang ke Apotek “mau tarik barang”. Jika tidak ada barang, tulis keterangan “tidak ada barang retur” di form BA
A13: AWBR-11570-2026-5-16 | B13: 11398423 | C13: Corporate B2B Bundle | D13: 260411030107043MpJcBo2H | E13: STANDARD | F13: Apotek Arjuna Pondok Benda Pamulang | G13: 6.28777e+17 | H13: Jl. Arjuna RT/RW 002/008 NO. 20, Desa/Kelurahan Pondok Benda, Kec. Pamulang, Kota Tangerang Selatan, Provinsi Banten | I13: ID | J13: PT Teknologi Medika Pratama (SwipeRx) (B2BR) | K13: 87733785699 | L13: Jl. Tugu Raya, Tugu, Kec. Cimanggis, Kota Depok, Jawa Barat 16451,KUBIK LOGISTICS - Kompleks Pergudangan,Gudang E1 | M13: ID | N13: Cimanggis | O13: Depok | P13: Jawa barat | Q13: 16451 | R13: TMP-INV-2026/04/11/ 2626726Semua Barang di Faktur TMP-INV-2026/04/11/ 2626726Tarik Barang Retur | S13: 46158 | T13: 0.375 | U13: 0.91666667 | V13: Asia/Jakarta | W13: 1 | X13: TRUE | Y13: OBAT | Z13: FALSE | AB13: 1 | AC13: AWBR-11570-2026-5-16-01 | AD13: 0 | AE13: 1 | AF13: 46158 | AG13: 0.375 | AH13: 0.91666667 | AI13: Asia/Jakarta | AJ13: Pickup Return, wajib bawa form BA Return. Bilang ke Apotek “mau tarik barang”. Jika tidak ada barang, tulis keterangan “tidak ada barang retur” di form BA
... A147: AWBR-3901-2026-5-25 | B147: 11398423 | C147: Corporate B2B Bundle | D147: 26052200495469Fj6vRwDZd | E147: STANDARD | F147: Apotek Syafiya Sengon Jombang | G147: 6.28226e+17 | H147: Jl. Pattimura No. 57, Desa/Kelurahan Sengon , Kec. Jombang, Kab. Jombang, Jawa Timur, 61418 | I147: ID | J147: PT Teknologi Medika Pratama (SwipeRx) (B2BR) | K147: 6.28514e+17 | L147: Jl. Rungkut Industri III No.12, Kutisari, Kec. Tenggilis Mejoyo, Surabaya, Jawa Timur 60291 | M147: ID | N147: Tenggilis Mejoyo | O147: Surabaya | P147: Jawa Timur | Q147: 60291 | R147: TMP-INV-2026/05/22/ 2774483 / BLACKMORES BIO D3 1000 IU Kalbe KAPSUL / Tarik barang retur | S147: 46167 | T147: 0.375 | U147: 0.91666667 | V147: Asia/Jakarta | W147: 1 | X147: TRUE | Y147: OBAT | Z147: FALSE | AB147: 1 | AC147: AWBR-3901-2026-5-25-01 | AD147: 0 | AE147: 1 | AF147: 46167 | AG147: 0.375 | AH147: 0.91666667 | AI147: Asia/Jakarta | AJ147: Pickup Return, wajib bawa form BA Return. Bilang ke Apotek “mau tarik barang”. Jika tidak ada barang, tulis keterangan “tidak ada barang retur” di form BA
A148: AWBR-5547-2026-5-26 | B148: 11398423 | C148: Corporate B2B Bundle | D148: 25072903080956JVg4q99snO | E148: STANDARD | F148: Apotek Asli | G148: 85647789448 | H148: Jalan Cipto Mangunkusumo No. 11 Temanggung 1 Kabupaten Temanggung, Jawa Tengah 56212 | I148: ID | J148: PT Teknologi Medika Pratama (SwipeRx) (B2BR) | K148: 85143002578 | L148: Jl. Rungkut Industri III No.12, Kutisari, Kec. Tenggilis Mejoyo, Surabaya, Jawa Timur 60291 | M148: ID | N148: Tenggilis Mejoyo | O148: Surabaya | P148: Jawa Timur | Q148: 60291 | R148: TMP-INV-2025/07/29/ 1781386 / ANDALAN NUTRIFEMME FOLAMOM Hermed KAPLET / Tarik Barang Retur | S148: 46170 | T148: 0.375 | U148: 0.91666667 | V148: Asia/Jakarta | W148: 1 | X148: TRUE | Y148: obat | Z148: FALSE | AB148: 1 | AC148: AWBR-5547-2026-5-26-01 | AD148: 0 | AE148: 1 | AF148: 46170 | AG148: 0.375 | AH148: 0.91666667 | AI148: Asia/Jakarta
A149: AWBR-12377-2026-5-26 | B149: 11398423 | C149: Corporate B2B Bundle | D149: 26051103405125kjdtr2v65x | E149: STANDARD | F149: Apotek Bintang Sehat Sukaragam Serang Baru | G149: 6.28125e+17 | H149: Perum Mega Regency Blok H1 No. 30 Desa Sukaragam Kec. Serang Baru Kab. Bekasi | I149: ID | J149: PT Teknologi Medika Pratama (SwipeRx) (B2BR) | K149: 87733785699 | L149: Jl. Tugu Raya, Tugu, Kec. Cimanggis, Kota Depok, Jawa Barat 16451,KUBIK LOGISTICS - Kompleks Pergudangan,Gudang E1 | M149: ID | N149: Cimanggis | O149: Depok | P149: Jawa Barat | Q149: 16451 | R149: TMP-INV-2026/05/11/ 2733082 / TMP-INV-2026/05/11/ 2732929SUPERHOID Triman SUPPOSITORIA DUS, 1 BLISTER @ 6 SUPPOSITORIA / VITAMIN B12 Holi TABLET DUS, 10 BLISTER @ 10 TABLETTarik Barang Retur | S149: 46170 | T149: 0.375 | U149: 0.91666667 | V149: Asia/Jakarta | W149: 1 | X149: TRUE | Y149: obat | Z149: FALSE | AB149: 1 | AC149: AWBR-12377-2026-5-26-01 | AD149: 0 | AE149: 1 | AF149: 46170 | AG149: 0.375 | AH149: 0.91666667 | AI149: Asia/Jakarta | AJ149: Pickup Return, wajib bawa form BA Return. Bilang ke Apotek “mau tarik barang”. Jika tidak ada barang, tulis keterangan “tidak ada barang retur” di form BA
A150: AWBR-11287-2026-5-26 | B150: 11398423 | C150: Corporate B2B Bundle | D150: 26042902473946TTTafzHiU7 | E150: STANDARD | F150: Apotek Cibarusah Farma Sukasari Serang Baru | G150: 6.2822e+16 | H150: Kp. Pasirandu RT/RW 06/03, Desa/Kelurahan Sukasari, Kec. Serang Baru, Kab. Bekasi, 17330 | I150: ID | J150: PT Teknologi Medika Pratama (SwipeRx) (B2BR) | K150: 87733785699 | L150: Jl. Tugu Raya, Tugu, Kec. Cimanggis, Kota Depok, Jawa Barat 16451,KUBIK LOGISTICS - Kompleks Pergudangan,Gudang E1 | M150: ID | N150: Cimanggis | O150: Depok | P150: Jawa Barat | Q150: 16451 | R150: TMP-INV-2026/04/29/ 2689765MOISDERM 20% Interbat KRIM DUS, TUBE @ 20 GRAMTarik Barang Retur | S150: 46170 | T150: 0.375 | U150: 0.91666667 | V150: Asia/Jakarta | W150: 1 | X150: TRUE | Y150: obat | Z150: FALSE | AB150: 1 | AC150: AWBR-11287-2026-5-26-01 | AD150: 0 | AE150: 1 | AF150: 46170 | AG150: 0.375 | AH150: 0.91666667 | AI150: Asia/Jakarta | AJ150: Pickup Return, wajib bawa form BA Return. Bilang ke Apotek “mau tarik barang”. Jika tidak ada barang, tulis keterangan “tidak ada barang retur” di form BA
A151: AWBR-10645-2026-5-26 | B151: 11398423 | C151: Corporate B2B Bundle | D151: 25072908423414K5fHejQYAG | E151: STANDARD | F151: Apotek Habiby Muktiwari Cibitung | G151: 6.28584e+17 | H151: Perumahan Permata Muktiwari Residence Blok A1 No. 05 Desa/Kelurahan Muktiwari, Kecamatan Cibitung, Kabupaten Bekasi, Jawa Barat 17519 | I151: ID | J151: PT Teknologi Medika Pratama (SwipeRx) (B2BR) | K151: 87733785699 | L151: Jl. Tugu Raya, Tugu, Kec. Cimanggis, Kota Depok, Jawa Barat 16451,KUBIK LOGISTICS - Kompleks Pergudangan,Gudang E1 | M151: ID | N151: Cimanggis | O151: Depok | P151: Jawa Barat | Q151: 16451 | R151: TMP-INV-2025/07/30/ 1784741FOROTIC Hexpharm TETES TELINGA 3 MG DUS, 1 BOTOL PLASTIK @ 5 MLTarik Barang Retur | S151: 46170 | T151: 0.375 | U151: 0.91666667 | V151: Asia/Jakarta | W151: 1 | X151: TRUE | Y151: obat | Z151: FALSE | AB151: 1 | AC151: AWBR-10645-2026-5-26-01 | AD151: 0 | AE151: 1 | AF151: 46170 | AG151: 0.375 | AH151: 0.91666667 | AI151: Asia/Jakarta | AJ151: Pickup Return, wajib bawa form BA Return. Bilang ke Apotek “mau tarik barang”. Jika tidak ada barang, tulis keterangan “tidak ada barang retur” di form BA
A152: AWBR-1249-2026-5-26 | B152: 11398423 | C152: Corporate B2B Bundle | D152: 26051109185867lMoCGmPTb | E152: STANDARD | F152: Apotek K24 Anggrek Cikarang Baru | G152: 87877209076 | H152: Jalan Anggrek Kaviling B1 No.23 Kelurahan Mekarmukti Kecamatan Cikarang Utara Kabupaten Bekasi 17530 | I152: ID | J152: PT Teknologi Medika Pratama (SwipeRx) (B2BR) | K152: 87733785699 | L152: Jl. Tugu Raya, Tugu, Kec. Cimanggis, Kota Depok, Jawa Barat 16451,KUBIK LOGISTICS - Kompleks Pergudangan,Gudang E1 | M152: ID | N152: Cimanggis | O152: Depok | P152: Jawa Barat | Q152: 16451 | R152: TMP-INV-2026/05/12/ 2736291THROMECON Etercon GEL 200 IU/g DUS @ TUBE 20 gTarik Barang Retur | S152: 46170 | T152: 0.375 | U152: 0.91666667 | V152: Asia/Jakarta | W152: 1 | X152: TRUE | Y152: obat | Z152: FALSE | AB152: 1 | AC152: AWBR-1249-2026-5-26-01 | AD152: 0 | AE152: 1 | AF152: 46170 | AG152: 0.375 | AH152: 0.91666667 | AI152: Asia/Jakarta | AJ152: Pickup Return, wajib bawa form BA Return. Bilang ke Apotek “mau tarik barang”. Jika tidak ada barang, tulis keterangan “tidak ada barang retur” di form BA
A153: AWBR-1090-2026-5-26 | B153: 11398423 | C153: Corporate B2B Bundle | D153: 26030606335954uBALwLjNxA | E153: STANDARD | F153: Apotek K24 Grand Permata City | G153: 85294437759 | H153: Ruko Grand Permata City Kav B1 No.10 Jalan Pilar Sukatani Kelurahan Karang Setia Kecamatan Karang Bahagia Cikarang Bekasi 17530 | I153: ID | J153: PT Teknologi Medika Pratama (SwipeRx) (B2BR) | K153: 87733785699 | L153: Jl. Tugu Raya, Tugu, Kec. Cimanggis, Kota Depok, Jawa Barat 16451,KUBIK LOGISTICS - Kompleks Pergudangan,Gudang E1 | M153: ID | N153: Cimanggis | O153: Depok | P153: Jawa Barat | Q153: 16451 | R153: TMP-INV-2026/03/06/ 2503942INLACTA GOLD DHA Interbat KAPSUL DUS, BOTOL PLASTIK @ 50 KAPSULTarik Barang Retur | S153: 46170 | T153: 0.375 | U153: 0.91666667 | V153: Asia/Jakarta | W153: 1 | X153: TRUE | Y153: obat | Z153: FALSE | AB153: 1 | AC153: AWBR-1090-2026-5-26-01 | AD153: 0 | AE153: 1 | AF153: 46170 | AG153: 0.375 | AH153: 0.91666667 | AI153: Asia/Jakarta | AJ153: Pickup Return, wajib bawa form BA Return. Bilang ke Apotek “mau tarik barang”. Jika tidak ada barang, tulis keterangan “tidak ada barang retur” di form BA
A154: AWBR-12839-2026-5-26 | B154: 11398423 | C154: Corporate B2B Bundle | D154: 26050214021595f80sXSqcnx | E154: STANDARD | F154: Apotek Ninda Farma Sirnajaya Serang Baru | G154: 6.28589e+17 | H154: Kp Cilangkara RT/RW 007/004 Desa Sirnajaya Kec. Serang Baru Kabupaten Bekasi | I154: ID | J154: PT Teknologi Medika Pratama (SwipeRx) (B2BR) | K154: 87733785699 | L154: Jl. Tugu Raya, Tugu, Kec. Cimanggis, Kota Depok, Jawa Barat 16451,KUBIK LOGISTICS - Kompleks Pergudangan,Gudang E1 | M154: ID | N154: Cimanggis | O154: Depok | P154: Jawa Barat | Q154: 16451 | R154: TMP-INV-2026/05/03/ 2702668ACICLOVIR Phapros TABLET 200 MG DUS, 5 STRIP @ 10 TABLETTarik Barang Retur | S154: 46170 | T154: 0.375 | U154: 0.91666667 | V154: Asia/Jakarta | W154: 1 | X154: TRUE | Y154: obat | Z154: FALSE | AB154: 1 | AC154: AWBR-12839-2026-5-26-01 | AD154: 0 | AE154: 1 | AF154: 46170 | AG154: 0.375 | AH154: 0.91666667 | AI154: Asia/Jakarta | AJ154: Pickup Return, wajib bawa form BA Return. Bilang ke Apotek “mau tarik barang”. Jika tidak ada barang, tulis keterangan “tidak ada barang retur” di form BA
A155: AWBR-2043-2026-5-26 | B155: 11398423 | C155: Corporate B2B Bundle | D155: 25040510300001GNyirqUm | E155: STANDARD | F155: Apotek Adzra | G155: 6281286536306 | H155: Jalan Boulevard Raya Ruko Milan Avenue Blok CE No. 25 RT 004 RW 008 Kelurahan Sawangan Kecamatan Sawangan Depok 16511 | I155: ID | J155: PT Teknologi Medika Pratama (SwipeRx) (B2BR) | K155: 87733785699 | L155: Jl. Tugu Raya, Tugu, Kec. Cimanggis, Kota Depok, Jawa Barat 16451,KUBIK LOGISTICS - Kompleks Pergudangan,Gudang E1 | M155: ID | N155: Cimanggis | O155: Depok | P155: Jawa Barat | Q155: 16451 | R155: TMP-INV-2025/04/06/ 1476842 / TMP-INV-2025/09/10/ 1914104 LIPROLAC BABY Kalbe DROPS DUS, BOTOL KACA 8 ML / BLACKMORES PREGNANCY & BREAST-FEEDING GOLD Kalbe KAPSUL BOTOL KACA @ 20 KAPSUL LUNAKTarik Barang Retur | S155: 46170 | T155: 0.375 | U155: 0.91666667 | V155: Asia/Jakarta | W155: 1 | X155: TRUE | Y155: obat | Z155: FALSE | AB155: 1 | AC155: AWBR-2043-2026-5-26-01 | AD155: 0 | AE155: 1 | AF155: 46170 | AG155: 0.375 | AH155: 0.91666667 | AI155: Asia/Jakarta | AJ155: Pickup Return, wajib bawa form BA Return. Bilang ke Apotek “mau tarik barang”. Jika tidak ada barang, tulis keterangan “tidak ada barang retur” di form BA
A156: AWBR-16836-2026-5-26 | B156: 11398423 | C156: Corporate B2B Bundle | D156: 26051502300020aTqkGQS8AW | E156: STANDARD | F156: Apotek Aura Jatibening Pondokgede | G156: 6.28122e+17 | H156: Jl. Raya Jatibening Estate No. 34, Kel.Jatibening, Kec. Pondok Gede, Kota Bekasi | I156: ID | J156: PT Teknologi Medika Pratama (SwipeRx) (B2BR) | K156: 87733785699 | L156: Jl. Tugu Raya, Tugu, Kec. Cimanggis, Kota Depok, Jawa Barat 16451,KUBIK LOGISTICS - Kompleks Pergudangan,Gudang E1 | M156: ID | N156: Cimanggis | O156: Depok | P156: Jawa Barat | Q156: 16451 | R156: TMP-INV-2026/05/15/ 2749210 / TMP-INV-2026/05/15/ 2749508 / MINYAK ANGIN CAP KAPAK Yahi Utama DUS, 12 BOTOL KACA @ 28 ML & 5 MLTarik Barang Retur | S156: 46170 | T156: 0.375 | U156: 0.91666667 | V156: Asia/Jakarta | W156: 1 | X156: TRUE | Y156: obat | Z156: FALSE | AB156: 1 | AC156: AWBR-16836-2026-5-26-01 | AD156: 0 | AE156: 1 | AF156: 46170 | AG156: 0.375 | AH156: 0.91666667 | AI156: Asia/Jakarta | AJ156: Pickup Return, wajib bawa form BA Return. Bilang ke Apotek “mau tarik barang”. Jika tidak ada barang, tulis keterangan “tidak ada barang retur” di form BA
A157: AWBR-11770-2026-5-26 | B157: 11398423 | C157: Corporate B2B Bundle | D157: 26051912345537knnZqNhld | E157: STANDARD | F157: Apotek Ayesa Farma Sukmajaya Sukmajaya | G157: 6.28786e+17 | H157: Jl. Kemang Raya No 5 Kel. Sukmajaya Kec. Sukmajaya Kota Depok | I157: ID | J157: PT Teknologi Medika Pratama (SwipeRx) (B2BR) | K157: 87733785699 | L157: Jl. Tugu Raya, Tugu, Kec. Cimanggis, Kota Depok, Jawa Barat 16451,KUBIK LOGISTICS - Kompleks Pergudangan,Gudang E1 | M157: ID | N157: Cimanggis | O157: Depok | P157: Jawa Barat | Q157: 16451 | R157: TMP-INV-2026/05/20/ 2766924VENTOLIN NEBULES Gsk CAIRAN INHALASI 2.5 MG DUS, 4X5 AMPUL PLASTIK (NEBULES) @ 2.5 MLTarik Barang Retur | S157: 46170 | T157: 0.375 | U157: 0.91666667 | V157: Asia/Jakarta | W157: 1 | X157: TRUE | Y157: obat | Z157: FALSE | AB157: 1 | AC157: AWBR-11770-2026-5-26-01 | AD157: 0 | AE157: 1 | AF157: 46170 | AG157: 0.375 | AH157: 0.91666667 | AI157: Asia/Jakarta | AJ157: Pickup Return, wajib bawa form BA Return. Bilang ke Apotek “mau tarik barang”. Jika tidak ada barang, tulis keterangan “tidak ada barang retur” di form BA
A158: AWBR-667-2026-5-26 | B158: 11398423 | C158: Corporate B2B Bundle | D158: 26052100114509I6yX698x8v | E158: STANDARD | F158: Apotek Berlian Farma | G158: 85374101944 | H158: Komplek Permata Jasindo Lestari Blok A6/14 RT.007 RW.004 Kelurahan Mekarsari, Kecamatan Cimanggis, Kota Depok 16452 | I158: ID | J158: PT Teknologi Medika Pratama (SwipeRx) (B2BR) | K158: 87733785699 | L158: Jl. Tugu Raya, Tugu, Kec. Cimanggis, Kota Depok, Jawa Barat 16451,KUBIK LOGISTICS - Kompleks Pergudangan,Gudang E1 | M158: ID | N158: Cimanggis | O158: Depok | P158: Jawa Barat | Q158: 16451 | R158: TMP-INV-2026/05/21/ 2770768HOLISTICARE SUPER ESTER C Indocare TABLET DUS, BOTOL PLASTIK @ 90 TABLETTarik Barang Retur | S158: 46170 | T158: 0.375 | U158: 0.91666667 | V158: Asia/Jakarta | W158: 1 | X158: TRUE | Y158: obat | Z158: FALSE | AB158: 1 | AC158: AWBR-667-2026-5-26-01 | AD158: 0 | AE158: 1 | AF158: 46170 | AG158: 0.375 | AH158: 0.91666667 | AI158: Asia/Jakarta | AJ158: Pickup Return, wajib bawa form BA Return. Bilang ke Apotek “mau tarik barang”. Jika tidak ada barang, tulis keterangan “tidak ada barang retur” di form BA
A159: AWBR-724-2026-5-26 | B159: 11398423 | C159: Corporate B2B Bundle | D159: 26051102481372bLFUaYo3p | E159: STANDARD | F159: Apotek Dewi Farma | G159: 85283705505 | H159: Jalan Mess AL Kranggan Wetan RT.001/RW.012, Kelurahan Jatirangga, Kecamatan Jatisampurna, Kota Bekasi 17434 | I159: ID | J159: PT Teknologi Medika Pratama (SwipeRx) (B2BR) | K159: 87733785699 | L159: Jl. Tugu Raya, Tugu, Kec. Cimanggis, Kota Depok, Jawa Barat 16451,KUBIK LOGISTICS - Kompleks Pergudangan,Gudang E1 | M159: ID | N159: Cimanggis | O159: Depok | P159: Jawa Barat | Q159: 16451 | R159: TMP-INV-2026/05/11/ 2734033DERMOVATE Gsk KRIM 0.05 % DUS, TUBE @ 10 GTarik Barang Retur | S159: 46170 | T159: 0.375 | U159: 0.91666667 | V159: Asia/Jakarta | W159: 1 | X159: TRUE | Y159: obat | Z159: FALSE | AB159: 1 | AC159: AWBR-724-2026-5-26-01 | AD159: 0 | AE159: 1 | AF159: 46170 | AG159: 0.375 | AH159: 0.91666667 | AI159: Asia/Jakarta | AJ159: Pickup Return, wajib bawa form BA Return. Bilang ke Apotek “mau tarik barang”. Jika tidak ada barang, tulis keterangan “tidak ada barang retur” di form BA
A160: AWBR-15419-2026-5-26 | B160: 11398423 | C160: Corporate B2B Bundle | D160: 26050208022602iYJJ8R0Hy | E160: STANDARD | F160: Apotek Farhana 2 Kelapa Dua Wetan Ciracas | G160: 6.28211e+17 | H160: Jl. Kelapa Dua Wetan Raya No.22 RT01 RW07 Kel. Kepala Dua Wetan Kec. Ciracas Kota Jakarta Timur | I160: ID | J160: PT Teknologi Medika Pratama (SwipeRx) (B2BR) | K160: 87733785699 | L160: Jl. Tugu Raya, Tugu, Kec. Cimanggis, Kota Depok, Jawa Barat 16451,KUBIK LOGISTICS - Kompleks Pergudangan,Gudang E1 | M160: ID | N160: Cimanggis | O160: Depok | P160: Jawa Barat | Q160: 16451 | R160: TMP-INV-2026/05/03/ 2703572HOTIN KOYO AROMATHERAPY Ultrasakti DUS, 12 SACHET @ 10 LEMBATarik Barang Retur | S160: 46170 | T160: 0.375 | U160: 0.91666667 | V160: Asia/Jakarta | W160: 1 | X160: TRUE | Y160: obat | Z160: FALSE | AB160: 1 | AC160: AWBR-15419-2026-5-26-01 | AD160: 0 | AE160: 1 | AF160: 46170 | AG160: 0.375 | AH160: 0.91666667 | AI160: Asia/Jakarta | AJ160: Pickup Return, wajib bawa form BA Return. Bilang ke Apotek “mau tarik barang”. Jika tidak ada barang, tulis keterangan “tidak ada barang retur” di form BA
... A338: AWBR-4773-2026-6-7 | B338: 11398423 | C338: Corporate B2B Bundle | D338: 26053012444027bh4dz9IwK | E338: STANDARD | F338: Apotekita | G338: 6.28191e+17 | H338: Ruko Elang Laut Boulevard Blok A-11, Jl. Pantai Indah Selatan, Kel. Kamal Muara, Kec. Penjaringan, Jakarta Utara, Provinsi DKI Jakarta,14470 | I338: ID | J338: PT Teknologi Medika Pratama (SwipeRx) (B2BR) | K338: 87733785699 | L338: Jl. Tugu Raya, Tugu, Kec. Cimanggis, Kota Depok, Jawa Barat 16451,KUBIK LOGISTICS - Kompleks Pergudangan,Gudang E1 | M338: ID | N338: Cimanggis | O338: Depok | P338: Jawa barat | Q338: 16451 | R338: TMP-INV-2026/06/01/ 2804721 SISTENOL Dexa Medica KAPLET 500/200 MG DUS, 6 DUS @ 1 BOTOL @ 10 KAPLET SALUT SELAPUT Tarik Barang Retur | S338: 46180 | T338: 0.375 | U338: 0.91666667 | V338: Asia/Jakarta | W338: 1 | X338: TRUE | Y338: OBAT | Z338: FALSE | AB338: 1 | AC338: AWBR-4773-2026-6-7-01 | AD338: 0 | AE338: 1 | AF338: 46180 | AG338: 0.375 | AH338: 0.91666667 | AI338: Asia/Jakarta | AJ338: Pickup Return, wajib bawa form BA Return. Bilang ke Apotek “mau tarik barang”. Jika tidak ada barang, tulis keterangan “tidak ada barang retur” di form BA TMP-INV-2026/06/01/ 2804721 SISTENOL Dexa Medica KAPLET 500/200 MG DUS, 6 DUS @ 1 BOTOL @ 10 KAPLET SALUT SELAPUT Tarik Barang Retur
A339: AWBR-13413-2026-6-9 | B339: 11398423 | C339: Corporate B2B Bundle | D339: 24122804284949gEohSApr | E339: STANDARD | F339: Apotek Anugerah Pasir Mukti Citeureup | G339: 6.28132e+17 | H339: Ruko Perumahan Puri Harmoni Pasir Mukti Blok H No. 40, Desa/Kelurahan Pasirmukti, Kec. Citeureup, Kab. Bogor | I339: ID | J339: PT Teknologi Medika Pratama (SwipeRx) (B2BR) | K339: 87733785699 | L339: Jl. Tugu Raya, Tugu, Kec. Cimanggis, Kota Depok, Jawa Barat 16451,KUBIK LOGISTICS - Kompleks Pergudangan,Gudang E1 | M339: ID | N339: Cimanggis | O339: Depok | P339: Jawa Barat | Q339: 16451 | R339: TMP-INV-2024/12/29/ 1239591 NELLCO SPESIAL OBH PE UNTUK ANAK-ANAK Nellco SIRUP RASA STRAWBERRY DUS, 1 BOTOL GELAS @ 55 ML Tarik Barang Retur | S339: 46182 | T339: 0.375 | U339: 0.91666667 | V339: Asia/Jakarta | W339: 1 | X339: TRUE | Y339: obat | Z339: FALSE | AB339: 1 | AC339: AWBR-13413-2026-6-9-01 | AD339: 0 | AE339: 1 | AF339: 46182 | AG339: 0.375 | AH339: 0.91666667 | AI339: Asia/Jakarta | AJ339: Pickup Return, wajib bawa form BA Return. Bilang ke Apotek “mau tarik barang”. Jika tidak ada barang, tulis keterangan “tidak ada barang retur” di form BA TMP-INV-2024/12/29/ 1239591 NELLCO SPESIAL OBH PE UNTUK ANAK-ANAK Nellco SIRUP RASA STRAWBERRY DUS, 1 BOTOL GELAS @ 55 ML Tarik Barang Retur | AL339: 46181
A340: AWBR-13708-2026-6-9 | B340: 11398423 | C340: Corporate B2B Bundle | D340: 250509072811426bGnxIt5Mj | E340: STANDARD | F340: Apotek Bahari Raya Mampang Tegal Parang Mampang Prapatan | G340: 6.2813e+16 | H340: Jalan Mampang Prapatan VII No 33 RT 010 RW 03, Desa/Kel. Tegal Parang, Kec. Mampang Prapatan, Kota Jakarta Selatan | I340: ID | J340: PT Teknologi Medika Pratama (SwipeRx) (B2BR) | K340: 87733785699 | L340: Jl. Tugu Raya, Tugu, Kec. Cimanggis, Kota Depok, Jawa Barat 16451,KUBIK LOGISTICS - Kompleks Pergudangan,Gudang E1 | M340: ID | N340: Cimanggis | O340: Depok | P340: Jawa Barat | Q340: 16451 | R340: TMP-INV-2025/05/10/ 1565368 HERBABLEND DAILY HEALTH Hermed SIRUP DUS, BOTOL PLASTIK @ 250 ML Tarik Barang Retur | S340: 46182 | T340: 0.375 | U340: 0.91666667 | V340: Asia/Jakarta | W340: 1 | X340: TRUE | Y340: obat | Z340: FALSE | AB340: 1 | AC340: AWBR-13708-2026-6-9-01 | AD340: 0 | AE340: 1 | AF340: 46182 | AG340: 0.375 | AH340: 0.91666667 | AI340: Asia/Jakarta | AJ340: Pickup Return, wajib bawa form BA Return. Bilang ke Apotek “mau tarik barang”. Jika tidak ada barang, tulis keterangan “tidak ada barang retur” di form BA TMP-INV-2025/05/10/ 1565368 HERBABLEND DAILY HEALTH Hermed SIRUP DUS, BOTOL PLASTIK @ 250 ML Tarik Barang Retur | AL340: 46181
A341: AWBR-12793-2026-6-9 | B341: 11398423 | C341: Corporate B2B Bundle | D341: 25101402135181piO4BdpBw | E341: STANDARD | F341: Apotek Ben Mrene Mustika Jaya Mustikajaya Mustika Jaya | G341: 6.28788e+17 | H341: Jalan Asem Jaya, KP. Ciketing Asem No.133 RT.002, RW 006 Kel. Mustikajaya Kec. Mustika Jaya Kota Bekasi | I341: ID | J341: PT Teknologi Medika Pratama (SwipeRx) (B2BR) | K341: 87733785699 | L341: Jl. Tugu Raya, Tugu, Kec. Cimanggis, Kota Depok, Jawa Barat 16451,KUBIK LOGISTICS - Kompleks Pergudangan,Gudang E1 | M341: ID | N341: Cimanggis | O341: Depok | P341: Jawa Barat | Q341: 16451 | R341: TMP-INV-2025/10/14/ 2025987 VENTOLIN INHALER CFC FREE Gsk 200 Doses DUS, 1 BOTOL @ 200 DOSIS Tarik Barang Retur | S341: 46182 | T341: 0.375 | U341: 0.91666667 | V341: Asia/Jakarta | W341: 1 | X341: TRUE | Y341: obat | Z341: FALSE | AB341: 1 | AC341: AWBR-12793-2026-6-9-01 | AD341: 0 | AE341: 1 | AF341: 46182 | AG341: 0.375 | AH341: 0.91666667 | AI341: Asia/Jakarta | AJ341: Pickup Return, wajib bawa form BA Return. Bilang ke Apotek “mau tarik barang”. Jika tidak ada barang, tulis keterangan “tidak ada barang retur” di form BA TMP-INV-2025/10/14/ 2025987 VENTOLIN INHALER CFC FREE Gsk 200 Doses DUS, 1 BOTOL @ 200 DOSIS Tarik Barang Retur | AL341: 46181
A342: AWBR-11489-2026-6-9 | B342: 11398423 | C342: Corporate B2B Bundle | D342: 260529105327588Er1LoDkGG | E342: STANDARD | F342: Apotek Bogor Asri Nanggewer Cibinong | G342: 6.28787e+17 | H342: Perumahan Bogor Asri Blok Ruko 4, Desa/Kel. Nanggewer, Kec. Cibinong, Kab. Bogor 16912 | I342: ID | J342: PT Teknologi Medika Pratama (SwipeRx) (B2BR) | K342: 87733785699 | L342: Jl. Tugu Raya, Tugu, Kec. Cimanggis, Kota Depok, Jawa Barat 16451,KUBIK LOGISTICS - Kompleks Pergudangan,Gudang E1 | M342: ID | N342: Cimanggis | O342: Depok | P342: Jawa Barat | Q342: 16451 | R342: TMP-INV-2026/05/30/ 2798679 OBAT BATUK IBU DAN ANAK Sinde Budi Sentosa BOTOL @ 75 ML Tarik Barang Damaged | S342: 46182 | T342: 0.375 | U342: 0.91666667 | V342: Asia/Jakarta | W342: 1 | X342: TRUE | Y342: obat | Z342: FALSE | AB342: 1 | AC342: AWBR-11489-2026-6-9-01 | AD342: 0 | AE342: 1 | AF342: 46182 | AG342: 0.375 | AH342: 0.91666667 | AI342: Asia/Jakarta | AJ342: Pickup Return, wajib bawa form BA Return. Bilang ke Apotek “mau tarik barang”. Jika tidak ada barang, tulis keterangan “tidak ada barang retur” di form BA TMP-INV-2026/05/30/ 2798679 OBAT BATUK IBU DAN ANAK Sinde Budi Sentosa BOTOL @ 75 ML Tarik Barang Damaged | AL342: 46181
A343: AWBR-115-2026-6-9 | B343: 11398423 | C343: Corporate B2B Bundle | D343: 26051304012337KidPBTMvLP | E343: STANDARD | F343: Apotek Budhi Pratama | G343: 85341917925 | H343: Jalan Raya Tengah No.26 RT.06 RW.01 Kel. Kampung Gedong Kec.Pasar Rebo Kodya - Jakarta Timur | I343: ID | J343: PT Teknologi Medika Pratama (SwipeRx) (B2BR) | K343: 87733785699 | L343: Jl. Tugu Raya, Tugu, Kec. Cimanggis, Kota Depok, Jawa Barat 16451,KUBIK LOGISTICS - Kompleks Pergudangan,Gudang E1 | M343: ID | N343: Cimanggis | O343: Depok | P343: Jawa Barat | Q343: 16451 | R343: TMP-INV-2026/05/14/ 2745230 BETADINE OBAT KUMUR ANTISEPTIK Mbf 1 % BOTOL PLASTIK @ 190 ML FORTID 1000 Darya Varia SIRUP DUS, BOTOL KACA @ 100 ML KALTROFEN Kalbe SUPPOSITORIA 100 MG DUS, 2 BLISTER @ 5 SUPPOSITORIA NEPHROLIT Kalbe KAPSUL DUS, 20 STRIP @ 5 KAPSUL SANMOL FORTE Sanbe SIRUP 250 MG/5 ML DUS, BOTOL @ 60 ML TEMPRA (RASA ANGGUR) Taisho SIRUP 2-6 Tahun DUS, 1 BOTOL PLASTIK @ 60 ML THROMBOGEL Tunggal Idaman GEL 200 IU/G DUS, 1 TUBE @ 10 G Tarik Barang Retur | S343: 46182 | T343: 0.375 | U343: 0.91666667 | V343: Asia/Jakarta | W343: 1 | X343: TRUE | Y343: obat | Z343: FALSE | AB343: 1 | AC343: AWBR-115-2026-6-9-01 | AD343: 0 | AE343: 1 | AF343: 46182 | AG343: 0.375 | AH343: 0.91666667 | AI343: Asia/Jakarta | AJ343: Pickup Return, wajib bawa form BA Return. Bilang ke Apotek “mau tarik barang”. Jika tidak ada barang, tulis keterangan “tidak ada barang retur” di form BA TMP-INV-2026/05/14/ 2745230 BETADINE OBAT KUMUR ANTISEPTIK Mbf 1 % BOTOL PLASTIK @ 190 ML FORTID 1000 Darya Varia SIRUP DUS, BOTOL KACA @ 100 ML KALTROFEN Kalbe SUPPOSITORIA 100 MG DUS, 2 BLISTER @ 5 SUPPOSITORIA NEPHROLIT Kalbe KAPSUL DUS, 20 STRIP @ 5 KAPSUL SANMOL FORTE Sanbe SIRUP 250 MG/5 ML DUS, BOTOL @ 60 ML TEMPRA (RASA ANGGUR) Taisho SIRUP 2-6 Tahun DUS, 1 BOTOL PLASTIK @ 60 ML THROMBOGEL Tunggal Idaman GEL 200 IU/G DUS, 1 TUBE @ 10 G Tarik Barang Retur | AL343: 46181
A344: AWBR-1130-2026-6-9 | B344: 11398423 | C344: Corporate B2B Bundle | D344: 26052503104092kLeMGQgnA | E344: STANDARD | F344: Apotek Bukit Asri | G344: 8128125437 | H344: Ruko Perumahan Bukit Asri Baru Blok A No.6 Kelurahan Pabuaran Kecamatan Cibinong Bogor 16916 | I344: ID | J344: PT Teknologi Medika Pratama (SwipeRx) (B2BR) | K344: 87733785699 | L344: Jl. Tugu Raya, Tugu, Kec. Cimanggis, Kota Depok, Jawa Barat 16451,KUBIK LOGISTICS - Kompleks Pergudangan,Gudang E1 | M344: ID | N344: Cimanggis | O344: Depok | P344: Jawa Barat | Q344: 16451 | R344: TMP-INV-2026/05/25/ 2782436 TRINORDIOL-28 Sunthi TABLET DUS, 2 BLISTER @ 28 TABLET SALUT GULA Tarik Barang Retur | S344: 46182 | T344: 0.375 | U344: 0.91666667 | V344: Asia/Jakarta | W344: 1 | X344: TRUE | Y344: obat | Z344: FALSE | AB344: 1 | AC344: AWBR-1130-2026-6-9-01 | AD344: 0 | AE344: 1 | AF344: 46182 | AG344: 0.375 | AH344: 0.91666667 | AI344: Asia/Jakarta | AJ344: Pickup Return, wajib bawa form BA Return. Bilang ke Apotek “mau tarik barang”. Jika tidak ada barang, tulis keterangan “tidak ada barang retur” di form BA TMP-INV-2026/05/25/ 2782436 TRINORDIOL-28 Sunthi TABLET DUS, 2 BLISTER @ 28 TABLET SALUT GULA Tarik Barang Retur | AL344: 46181
A345: AWBR-11148-2026-6-9 | B345: 11398423 | C345: Corporate B2B Bundle | D345: 24042502443933f2q2rdqbw3 | E345: STANDARD | F345: Apotek Celeste Citaringgul Babakan Madang | G345: 6.28139e+17 | H345: Pasar Sentul City Blok J No.16 Desa Citanggul Kecamatan Babakan Madang Kabupaten Bogor 16810 | I345: ID | J345: PT Teknologi Medika Pratama (SwipeRx) (B2BR) | K345: 87733785699 | L345: Jl. Tugu Raya, Tugu, Kec. Cimanggis, Kota Depok, Jawa Barat 16451,KUBIK LOGISTICS - Kompleks Pergudangan,Gudang E1 | M345: ID | N345: Cimanggis | O345: Depok | P345: Jawa Barat | Q345: 16451 | R345: TMP-INV-2024/04/25/ 747467 VITALIFE C+D3+ZN Bintang Kupu-Kupu KAPSUL DUS, BOTOL PLASTIK @ 30 KAPSUL Tarik Barang Retur | S345: 46182 | T345: 0.375 | U345: 0.91666667 | V345: Asia/Jakarta | W345: 1 | X345: TRUE | Y345: obat | Z345: FALSE | AB345: 1 | AC345: AWBR-11148-2026-6-9-01 | AD345: 0 | AE345: 1 | AF345: 46182 | AG345: 0.375 | AH345: 0.91666667 | AI345: Asia/Jakarta | AJ345: Pickup Return, wajib bawa form BA Return. Bilang ke Apotek “mau tarik barang”. Jika tidak ada barang, tulis keterangan “tidak ada barang retur” di form BA TMP-INV-2024/04/25/ 747467 VITALIFE C+D3+ZN Bintang Kupu-Kupu KAPSUL DUS, BOTOL PLASTIK @ 30 KAPSUL Tarik Barang Retur | AL345: 46181
A346: AWBR-13287-2026-6-9 | B346: 11398423 | C346: Corporate B2B Bundle | D346: 25032812361818PcDwohxE | E346: STANDARD | F346: Apotek Emha Cibubur Ciracas | G346: 6.28528e+17 | H346: Jalan Raya Lapangan Tembak No. 04 RT 005 RW 001, Desa/Kel. Cibubur, Kec. Ciracas, Kota Jakarta Timur | I346: ID | J346: PT Teknologi Medika Pratama (SwipeRx) (B2BR) | K346: 87733785699 | L346: Jl. Tugu Raya, Tugu, Kec. Cimanggis, Kota Depok, Jawa Barat 16451,KUBIK LOGISTICS - Kompleks Pergudangan,Gudang E1 | M346: ID | N346: Cimanggis | O346: Depok | P346: Jawa Barat | Q346: 16451 | R346: TMP-INV-2025/03/29/ 1464928 CANESTEN Bayer KRIM 1 % DUS, TUBE @ 5 G Tarik Barang Retur | S346: 46182 | T346: 0.375 | U346: 0.91666667 | V346: Asia/Jakarta | W346: 1 | X346: TRUE | Y346: obat | Z346: FALSE | AB346: 1 | AC346: AWBR-13287-2026-6-9-01 | AD346: 0 | AE346: 1 | AF346: 46182 | AG346: 0.375 | AH346: 0.91666667 | AI346: Asia/Jakarta | AJ346: Pickup Return, wajib bawa form BA Return. Bilang ke Apotek “mau tarik barang”. Jika tidak ada barang, tulis keterangan “tidak ada barang retur” di form BA TMP-INV-2025/03/29/ 1464928 CANESTEN Bayer KRIM 1 % DUS, TUBE @ 5 G Tarik Barang Retur | AL346: 46181
A347: AWBR-13617-2026-6-9 | B347: 11398423 | C347: Corporate B2B Bundle | D347: 25022702372132FQs8rXWIY | E347: STANDARD | F347: Apotek Fit Pondok Pinang Kebayoran Lama | G347: 6.28219e+17 | H347: Jl. Bukit Hijau 1 No. 15, Desa/Kel. Pondok Pinang, Kec. KebayoranLama, Kota Jakarta Selatan | I347: ID | J347: PT Teknologi Medika Pratama (SwipeRx) (B2BR) | K347: 87733785699 | L347: Jl. Tugu Raya, Tugu, Kec. Cimanggis, Kota Depok, Jawa Barat 16451,KUBIK LOGISTICS - Kompleks Pergudangan,Gudang E1 | M347: ID | N347: Cimanggis | O347: Depok | P347: Jawa Barat | Q347: 16451 | R347: TMP-INV-2025/02/27/ 1385964 GASTIN FORCE Soho SIRUP DUS, BOTOL 100 ML Tarik Barang Retur | S347: 46182 | T347: 0.375 | U347: 0.91666667 | V347: Asia/Jakarta | W347: 1 | X347: TRUE | Y347: obat | Z347: FALSE | AB347: 1 | AC347: AWBR-13617-2026-6-9-01 | AD347: 0 | AE347: 1 | AF347: 46182 | AG347: 0.375 | AH347: 0.91666667 | AI347: Asia/Jakarta | AJ347: Pickup Return, wajib bawa form BA Return. Bilang ke Apotek “mau tarik barang”. Jika tidak ada barang, tulis keterangan “tidak ada barang retur” di form BA TMP-INV-2025/02/27/ 1385964 GASTIN FORCE Soho SIRUP DUS, BOTOL 100 ML Tarik Barang Retur | AL347: 46181
A348: AWBR-15624-2026-6-9 | B348: 11398423 | C348: Corporate B2B Bundle | D348: 25081002022309jrpf9xS0k4 | E348: STANDARD | F348: Apotek Harma 2 Waluya Cikarang Utara | G348: 6.28151e+17 | H348: Jl. Arjuna Raya Perum bumi Citra Lestari Blok B 01/01 RT 00/RW 00 Desa Waluya, Kec. Cikarang Utara, Kabupaten Bekasi | I348: ID | J348: PT Teknologi Medika Pratama (SwipeRx) (B2BR) | K348: 87733785699 | L348: Jl. Tugu Raya, Tugu, Kec. Cimanggis, Kota Depok, Jawa Barat 16451,KUBIK LOGISTICS - Kompleks Pergudangan,Gudang E1 | M348: ID | N348: Cimanggis | O348: Depok | P348: Jawa Barat | Q348: 16451 | R348: TMP-INV-2025/08/10/ 1818240 YOUVIT MULTIVITAMIN GUMMY RASA STRAWBERRY, GOJIBERRY, CANBERRY, RASPBERRY, BLUEBERRY Yupi - DUS DUS, 6 SACHET @ 7 GUMMIES 28 G Tarik Barang Retur | S348: 46182 | T348: 0.375 | U348: 0.91666667 | V348: Asia/Jakarta | W348: 1 | X348: TRUE | Y348: obat | Z348: FALSE | AB348: 1 | AC348: AWBR-15624-2026-6-9-01 | AD348: 0 | AE348: 1 | AF348: 46182 | AG348: 0.375 | AH348: 0.91666667 | AI348: Asia/Jakarta | AJ348: Pickup Return, wajib bawa form BA Return. Bilang ke Apotek “mau tarik barang”. Jika tidak ada barang, tulis keterangan “tidak ada barang retur” di form BA TMP-INV-2025/08/10/ 1818240 YOUVIT MULTIVITAMIN GUMMY RASA STRAWBERRY, GOJIBERRY, CANBERRY, RASPBERRY, BLUEBERRY Yupi - DUS DUS, 6 SACHET @ 7 GUMMIES 28 G Tarik Barang Retur | AL348: 46181
A349: AWBR-8621-2026-6-9 | B349: 11398423 | C349: Corporate B2B Bundle | D349: 2605300029074806s38tzqt | E349: STANDARD | F349: Apotek Ilham Karangsatria Tambun Utara | G349: 85888674498 | H349: Villa Mutiara Gading 2, Kav D10 No. 03A Desa Karang Satria Kec. Tambun Utara Kab. Bekasi 17510 | I349: ID | J349: PT Teknologi Medika Pratama (SwipeRx) (B2BR) | K349: 87733785699 | L349: Jl. Tugu Raya, Tugu, Kec. Cimanggis, Kota Depok, Jawa Barat 16451,KUBIK LOGISTICS - Kompleks Pergudangan,Gudang E1 | M349: ID | N349: Cimanggis | O349: Depok | P349: Jawa Barat | Q349: 16451 | R349: TMP-INV-2026/05/30/ 2798961 BUFACOMB Bufa KRIM DUS, 1 TUBE @ 5 GRAM Tarik Barang Retur | S349: 46182 | T349: 0.375 | U349: 0.91666667 | V349: Asia/Jakarta | W349: 1 | X349: TRUE | Y349: obat | Z349: FALSE | AB349: 1 | AC349: AWBR-8621-2026-6-9-01 | AD349: 0 | AE349: 1 | AF349: 46182 | AG349: 0.375 | AH349: 0.91666667 | AI349: Asia/Jakarta | AJ349: Pickup Return, wajib bawa form BA Return. Bilang ke Apotek “mau tarik barang”. Jika tidak ada barang, tulis keterangan “tidak ada barang retur” di form BA TMP-INV-2026/05/30/ 2798961 BUFACOMB Bufa KRIM DUS, 1 TUBE @ 5 GRAM Tarik Barang Retur | AL349: 46181
A350: AWBR-14021-2026-6-9 | B350: 11398423 | C350: Corporate B2B Bundle | D350: 26042407152473M3cV3Ptkhv | E350: STANDARD | F350: Apotek Inofarma Kebagusan | G350: 62859-2661-1060 | H350: Jl. Kebagusan Raya RT 007 RW 06, Kel. Kebagusan, Kec. Pasar Minggu, Jakarta Selatan | I350: ID | J350: PT Teknologi Medika Pratama (SwipeRx) (B2BR) | K350: 87733785699 | L350: Jl. Tugu Raya, Tugu, Kec. Cimanggis, Kota Depok, Jawa Barat 16451,KUBIK LOGISTICS - Kompleks Pergudangan,Gudang E1 | M350: ID | N350: Cimanggis | O350: Depok | P350: Jawa Barat | Q350: 16451 | R350: TMP-INV-2026/04/25/ 2678001 EPISAN Sanbe SUSPENSI DUS, 1 BOTOL @ 200 ML Tarik Barang Damaged | S350: 46182 | T350: 0.375 | U350: 0.91666667 | V350: Asia/Jakarta | W350: 1 | X350: TRUE | Y350: obat | Z350: FALSE | AB350: 1 | AC350: AWBR-14021-2026-6-9-01 | AD350: 0 | AE350: 1 | AF350: 46182 | AG350: 0.375 | AH350: 0.91666667 | AI350: Asia/Jakarta | AJ350: Pickup Return, wajib bawa form BA Return. Bilang ke Apotek “mau tarik barang”. Jika tidak ada barang, tulis keterangan “tidak ada barang retur” di form BA TMP-INV-2026/04/25/ 2678001 EPISAN Sanbe SUSPENSI DUS, 1 BOTOL @ 200 ML Tarik Barang Damaged | AL350: 46181
A351: AWBR-13494-2026-6-9 | B351: 11398423 | C351: Corporate B2B Bundle | D351: 25111603075448IVwIqgrEPP | E351: STANDARD | F351: Apotek Jes Farma Bojong Klapa Nunggal | G351: 6.28218e+17 | H351: Perumahan Pesona Kahuripan Blok Toko B No. 6 Desa Bojong Kec. Klapa Nunggal Kab. Bogor | I351: ID | J351: PT Teknologi Medika Pratama (SwipeRx) (B2BR) | K351: 87733785699 | L351: Jl. Tugu Raya, Tugu, Kec. Cimanggis, Kota Depok, Jawa Barat 16451,KUBIK LOGISTICS - Kompleks Pergudangan,Gudang E1 | M351: ID | N351: Cimanggis | O351: Depok | P351: Jawa Barat | Q351: 16451 | R351: TMP-INV-2025/11/16/ 2132167 LACTOGEN LACTOSE FREE Nestle KALENG 400 G Tarik Barang Retur | S351: 46182 | T351: 0.375 | U351: 0.91666667 | V351: Asia/Jakarta | W351: 1 | X351: TRUE | Y351: obat | Z351: FALSE | AB351: 1 | AC351: AWBR-13494-2026-6-9-01 | AD351: 0 | AE351: 1 | AF351: 46182 | AG351: 0.375 | AH351: 0.91666667 | AI351: Asia/Jakarta | AJ351: Pickup Return, wajib bawa form BA Return. Bilang ke Apotek “mau tarik barang”. Jika tidak ada barang, tulis keterangan “tidak ada barang retur” di form BA TMP-INV-2025/11/16/ 2132167 LACTOGEN LACTOSE FREE Nestle KALENG 400 G Tarik Barang Retur | AL351: 46181
A352: AWBR-1167-2026-6-9 | B352: 11398423 | C352: Corporate B2B Bundle | D352: 26051103583050Wib8dpqgt7 | E352: STANDARD | F352: Apotek Jovita | G352: 85218837464 | H352: Jalan Raya Pabuaran No.26 RT 007 RW 013 Kelurahan Pabuaran Kecamatan Bojonggede Kabupaten Bogor 16921 | I352: ID | J352: PT Teknologi Medika Pratama (SwipeRx) (B2BR) | K352: 87733785699 | L352: Jl. Tugu Raya, Tugu, Kec. Cimanggis, Kota Depok, Jawa Barat 16451,KUBIK LOGISTICS - Kompleks Pergudangan,Gudang E1 | M352: ID | N352: Cimanggis | O352: Depok | P352: Jawa Barat | Q352: 16451 | R352: TMP-INV-2026/05/11/ 2733607 OBH Surya Itrasal SIRUP BOTOL @ 100 ML & ROHTO COOL Rohto TETES MATA 0.012 % DUS, 1 BOTOL PLASTIK @ 7 ML Tarik Barang Damaged | S352: 46182 | T352: 0.375 | U352: 0.91666667 | V352: Asia/Jakarta | W352: 1 | X352: TRUE | Y352: obat | Z352: FALSE | AB352: 1 | AC352: AWBR-1167-2026-6-9-01 | AD352: 0 | AE352: 1 | AF352: 46182 | AG352: 0.375 | AH352: 0.91666667 | AI352: Asia/Jakarta | AJ352: Pickup Return, wajib bawa form BA Return. Bilang ke Apotek “mau tarik barang”. Jika tidak ada barang, tulis keterangan “tidak ada barang retur” di form BA TMP-INV-2026/05/11/ 2733607 OBH Surya Itrasal SIRUP BOTOL @ 100 ML & ROHTO COOL Rohto TETES MATA 0.012 % DUS, 1 BOTOL PLASTIK @ 7 ML Tarik Barang Damaged | AL352: 46181
A353: AWBR-12490-2026-6-9 | B353: 11398423 | C353: Corporate B2B Bundle | D353: 26052302263610YRllq7k800 | E353: STANDARD | F353: Apotek K24 Pilar Karangasih Cikarang Utara | G353: 6.28127e+17 | H353: Jl. Ki Hajar Dewantara Kp. Pilar Barat No. 129, Desa/Kelurahan Karangasih, Kec. Cikarang Utara, Kab. Bekasi | I353: ID | J353: PT Teknologi Medika Pratama (SwipeRx) (B2BR) | K353: 87733785699 | L353: Jl. Tugu Raya, Tugu, Kec. Cimanggis, Kota Depok, Jawa Barat 16451,KUBIK LOGISTICS - Kompleks Pergudangan,Gudang E1 | M353: ID | N353: Cimanggis | O353: Depok | P353: Jawa Barat | Q353: 16451 | R353: TMP-INV-2026/05/23/ 2776477 EGOJI RASA ANGGUR Novell SIRUP DUS, BOTOL 100 ML & EGOJI RASA APPLE-BERRY Novell SIRUP DUS, BOTOL 100 ML Tarik Barang Retur | S353: 46182 | T353: 0.375 | U353: 0.91666667 | V353: Asia/Jakarta | W353: 1 | X353: TRUE | Y353: obat | Z353: FALSE | AB353: 1 | AC353: AWBR-12490-2026-6-9-01 | AD353: 0 | AE353: 1 | AF353: 46182 | AG353: 0.375 | AH353: 0.91666667 | AI353: Asia/Jakarta | AJ353: Pickup Return, wajib bawa form BA Return. Bilang ke Apotek “mau tarik barang”. Jika tidak ada barang, tulis keterangan “tidak ada barang retur” di form BA TMP-INV-2026/05/23/ 2776477 EGOJI RASA ANGGUR Novell SIRUP DUS, BOTOL 100 ML & EGOJI RASA APPLE-BERRY Novell SIRUP DUS, BOTOL 100 ML Tarik Barang Retur | AL353: 46181
A354: AWBR-1122-2026-6-9 | B354: 11398423 | C354: Corporate B2B Bundle | D354: 24121606505574haPmsZ9MVC | E354: STANDARD | F354: Apotek MY | G354: 6.2851e+16 | H354: Jalan RayaTembus Bambu Kuning- Pemda Desa Bojong Baru Kecamatan Bojonggede Kabupaten Bogor 16920 | I354: ID | J354: PT Teknologi Medika Pratama (SwipeRx) (B2BR) | K354: 87733785699 | L354: Jl. Tugu Raya, Tugu, Kec. Cimanggis, Kota Depok, Jawa Barat 16451,KUBIK LOGISTICS - Kompleks Pergudangan,Gudang E1 | M354: ID | N354: Cimanggis | O354: Depok | P354: Jawa Barat | Q354: 16451 | R354: TMP-INV-2024/12/17/ 1211651 KUTILOS Etercon CAIRAN DUS, BOTOL 10 ML Tarik Barang Retur | S354: 46182 | T354: 0.375 | U354: 0.91666667 | V354: Asia/Jakarta | W354: 1 | X354: TRUE | Y354: obat | Z354: FALSE | AB354: 1 | AC354: AWBR-1122-2026-6-9-01 | AD354: 0 | AE354: 1 | AF354: 46182 | AG354: 0.375 | AH354: 0.91666667 | AI354: Asia/Jakarta | AJ354: Pickup Return, wajib bawa form BA Return. Bilang ke Apotek “mau tarik barang”. Jika tidak ada barang, tulis keterangan “tidak ada barang retur” di form BA TMP-INV-2024/12/17/ 1211651 KUTILOS Etercon CAIRAN DUS, BOTOL 10 ML Tarik Barang Retur | AL354: 46181
A355: AWBR-11130-2026-6-9 | B355: 11398423 | C355: Corporate B2B Bundle | D355: 24010200340491osslG4mcRa | E355: STANDARD | F355: Apotek Padma Medica Jatisari Jatiasih | G355: 6.28819e+16 | H355: Jl. Suryadarma No. BQ8 Taman Jatisari Permai, Desa/Kelurahan Jatisari,Kecamatan Jatiasih, Kota Bekasi,Jawa Barat,17426 | I355: ID | J355: PT Teknologi Medika Pratama (SwipeRx) (B2BR) | K355: 87733785699 | L355: Jl. Tugu Raya, Tugu, Kec. Cimanggis, Kota Depok, Jawa Barat 16451,KUBIK LOGISTICS - Kompleks Pergudangan,Gudang E1 | M355: ID | N355: Cimanggis | O355: Depok | P355: Jawa Barat | Q355: 16451 | R355: TMP-INV-2024/01/02/ 564282 MYCO-Z Taisho SALEP DUS, 1 TUBE @ 10 G Tarik Barang Retur | S355: 46182 | T355: 0.375 | U355: 0.91666667 | V355: Asia/Jakarta | W355: 1 | X355: TRUE | Y355: obat | Z355: FALSE | AB355: 1 | AC355: AWBR-11130-2026-6-9-01 | AD355: 0 | AE355: 1 | AF355: 46182 | AG355: 0.375 | AH355: 0.91666667 | AI355: Asia/Jakarta | AJ355: Pickup Return, wajib bawa form BA Return. Bilang ke Apotek “mau tarik barang”. Jika tidak ada barang, tulis keterangan “tidak ada barang retur” di form BA TMP-INV-2024/01/02/ 564282 MYCO-Z Taisho SALEP DUS, 1 TUBE @ 10 G Tarik Barang Retur | AL355: 46181
A356: AWBR-2138-2026-6-9 | B356: 11398423 | C356: Corporate B2B Bundle | D356: 26033003234880T7WRX4awB | E356: STANDARD | F356: Apotek Zahra Medika | G356: 81387688857 | H356: Jalan Cagar Alam Raya No. 42 RT 001 RW 001 Kelurahan Pancoran Mas Kecamatann Pancoran Mas Depok 16436 | I356: ID | J356: PT Teknologi Medika Pratama (SwipeRx) (B2BR) | K356: 87733785699 | L356: Jl. Tugu Raya, Tugu, Kec. Cimanggis, Kota Depok, Jawa Barat 16451,KUBIK LOGISTICS - Kompleks Pergudangan,Gudang E1 | M356: ID | N356: Cimanggis | O356: Depok | P356: Jawa Barat | Q356: 16451 | R356: TMP-INV-2026/03/30/ 2582012 IMBOOST EXTRA VIT C dan D3 KIDS Soho TABLET HISAP DUS, BOTOL PLASTIK @ 21 TABLET HISAP Tarik Barang Damaged | S356: 46182 | T356: 0.375 | U356: 0.91666667 | V356: Asia/Jakarta | W356: 1 | X356: TRUE | Y356: obat | Z356: FALSE | AB356: 1 | AC356: AWBR-2138-2026-6-9-01 | AD356: 0 | AE356: 1 | AF356: 46182 | AG356: 0.375 | AH356: 0.91666667 | AI356: Asia/Jakarta | AJ356: Pickup Return, wajib bawa form BA Return. Bilang ke Apotek “mau tarik barang”. Jika tidak ada barang, tulis keterangan “tidak ada barang retur” di form BA TMP-INV-2026/03/30/ 2582012 IMBOOST EXTRA VIT C dan D3 KIDS Soho TABLET HISAP DUS, BOTOL PLASTIK @ 21 TABLET HISAP Tarik Barang Damaged | AL356: 46181
A357: AWBR-3316399274 | B357: 11398423 | C357: Corporate B2B Bundle | D357: 260316224124080hYVnb0v7 | E357: STANDARD | F357: Apotek Raudha Farma | G357: 81299422172 | H357: Jl. Raya Ceger No. 99, Ceger, Cipayung | I357: ID | J357: PT Teknologi Medika Pratama (SwipeRx) (B2BR) | K357: 87733785699 | L357: Jl. Tugu Raya, Tugu, Kec. Cimanggis, Kota Depok, Jawa Barat 16451,KUBIK LOGISTICS - Kompleks Pergudangan,Gudang E1 | M357: ID | N357: Cimanggis | O357: Depok | P357: Jawa Barat | Q357: 16451 | R357: TMP-INV-2026/03/17/ 2543495 Invoice: TMP-INV-2026/03/17/ 2543495 Full Return Tarik Barang | S357: 46183 | T357: 0.375 | U357: 0.91666667 | V357: Asia/Jakarta | W357: 1 | X357: TRUE | Y357: obat | Z357: FALSE | AB357: 1 | AC357: AWBR-3316399274-01 | AD357: 0 | AE357: 1 | AF357: 46183 | AG357: 0.375 | AH357: 0.91666667 | AI357: Asia/Jakarta | AJ357: Pickup Return, wajib bawa form BA Return. Bilang ke Apotek “mau tarik barang”. Jika tidak ada barang, tulis keterangan “tidak ada barang retur” di form BA TMP-INV-2026/03/17/ 2543495 Invoice: TMP-INV-2026/03/17/ 2543495 Full Return Tarik Barang | AL357: 46182
A358: AWBR-3315239673 | B358: 11398423 | C358: Corporate B2B Bundle | D358: 26042803170257oUpb9iOLk | E358: STANDARD | F358: Apotek Satya Esy | G358: 217336043 | H358: Jl. HOS Cokroaminoto No. 46 D, Kelurahan Karang Tengah, Kecamatan Karang Tengah, Tangerang, Banten 15157 | I358: ID | J358: PT Teknologi Medika Pratama (SwipeRx) (B2BR) | K358: 87733785699 | L358: Jl. Tugu Raya, Tugu, Kec. Cimanggis, Kota Depok, Jawa Barat 16451,KUBIK LOGISTICS - Kompleks Pergudangan,Gudang E1 | M358: ID | N358: Cimanggis | O358: Depok | P358: Jawa Barat | Q358: 16451 | R358: TMP-INV-2026/04/29/ 2690320 Invoice: TMP-INV-2026/04/29/ 2690320 Full Return Tarik Barang | S358: 46183 | T358: 0.375 | U358: 0.91666667 | V358: Asia/Jakarta | W358: 1 | X358: TRUE | Y358: obat | Z358: FALSE | AB358: 1 | AC358: AWBR-3315239673-01 | AD358: 0 | AE358: 1 | AF358: 46183 | AG358: 0.375 | AH358: 0.91666667 | AI358: Asia/Jakarta | AJ358: Pickup Return, wajib bawa form BA Return. Bilang ke Apotek “mau tarik barang”. Jika tidak ada barang, tulis keterangan “tidak ada barang retur” di form BA TMP-INV-2026/04/29/ 2690320 Invoice: TMP-INV-2026/04/29/ 2690320 Full Return Tarik Barang | AL358: 46182
A359: AWBR-3316480875 | B359: 11398423 | C359: Corporate B2B Bundle | D359: 24122304142350VrNbfHE9 | E359: STANDARD | F359: Apotek Super Saver | G359: 85216518363 | H359: Jl. Lingkar luar selatan Blok G/A/6 - G/A/7, Kelurahan Cilandak, Kecamatan Lebak Bulus, Jakarta Selatan, DKI Jakarta, 12440 | I359: ID | J359: PT Teknologi Medika Pratama (SwipeRx) (B2BR) | K359: 87733785699 | L359: Jl. Tugu Raya, Tugu, Kec. Cimanggis, Kota Depok, Jawa Barat 16451,KUBIK LOGISTICS - Kompleks Pergudangan,Gudang E1 | M359: ID | N359: Cimanggis | O359: Depok | P359: Jawa Barat | Q359: 16451 | R359: TMP-INV-2024/12/23/ 1226467 POLYCROL FORTE Nicholas SUSPENSI Tarik Barang | S359: 46183 | T359: 0.375 | U359: 0.91666667 | V359: Asia/Jakarta | W359: 1 | X359: TRUE | Y359: obat | Z359: FALSE | AB359: 1 | AC359: AWBR-3316480875-01 | AD359: 0 | AE359: 1 | AF359: 46183 | AG359: 0.375 | AH359: 0.91666667 | AI359: Asia/Jakarta | AJ359: Pickup Return, wajib bawa form BA Return. Bilang ke Apotek “mau tarik barang”. Jika tidak ada barang, tulis keterangan “tidak ada barang retur” di form BA TMP-INV-2024/12/23/ 1226467 POLYCROL FORTE Nicholas SUSPENSI Tarik Barang | AL359: 46182
A360: AWBR-3316641702 | B360: 11398423 | C360: Corporate B2B Bundle | D360: 26060803502339qe85yvhUtr | E360: STANDARD | F360: Apotek Merapi | G360: 2177833109 | H360: Jalan Kejayaan Blok X No. 9 RT 006/ RW 012 Kelurahan Abadijaya, Kecamatan Sukmajaya Kota Depok 16417 | I360: ID | J360: PT Teknologi Medika Pratama (SwipeRx) (B2BR) | K360: 87733785699 | L360: Jl. Tugu Raya, Tugu, Kec. Cimanggis, Kota Depok, Jawa Barat 16451,KUBIK LOGISTICS - Kompleks Pergudangan,Gudang E1 | M360: ID | N360: Cimanggis | O360: Depok | P360: Jawa Barat | Q360: 16451 | R360: TMP-INV-2026/06/08/ 2831456 HUFAGRIPP DEMAM Hufa KAPLET 500 MG 1x NASONEX Organon SEMPROT HIDUNG 50 MCG/DOSIS Tarik Barang | S360: 46183 | T360: 0.375 | U360: 0.91666667 | V360: Asia/Jakarta | W360: 1 | X360: TRUE | Y360: obat | Z360: FALSE | AB360: 1 | AC360: AWBR-3316641702-01 | AD360: 0 | AE360: 1 | AF360: 46183 | AG360: 0.375 | AH360: 0.91666667 | AI360: Asia/Jakarta | AJ360: Pickup Return, wajib bawa form BA Return. Bilang ke Apotek “mau tarik barang”. Jika tidak ada barang, tulis keterangan “tidak ada barang retur” di form BA TMP-INV-2026/06/08/ 2831456 HUFAGRIPP DEMAM Hufa KAPLET 500 MG 1x NASONEX Organon SEMPROT HIDUNG 50 MCG/DOSIS Tarik Barang | AL360: 46182
A361: AWBR-3316412998 | B361: 11398423 | C361: Corporate B2B Bundle | D361: 26060303482815zjFC4LsUm5 | E361: STANDARD | F361: Apotek Rosa Farma | G361: 81212834867 | H361: Jalan Khamono No. 17 RT 001 RW 001, Kelurahan Jatimakmur, Kecamatan Pondok Gede, Kota Bekasi 17413 | I361: ID | J361: PT Teknologi Medika Pratama (SwipeRx) (B2BR) | K361: 87733785699 | L361: Jl. Tugu Raya, Tugu, Kec. Cimanggis, Kota Depok, Jawa Barat 16451,KUBIK LOGISTICS - Kompleks Pergudangan,Gudang E1 | M361: ID | N361: Cimanggis | O361: Depok | P361: Jawa Barat | Q361: 16451 | R361: TMP-INV-2026/06/03/ 2813569 Invoice: TMP-INV-2026/06/03/ 2813569 Full Return Tarik Barang | S361: 46183 | T361: 0.375 | U361: 0.91666667 | V361: Asia/Jakarta | W361: 1 | X361: TRUE | Y361: obat | Z361: FALSE | AB361: 1 | AC361: AWBR-3316412998-01 | AD361: 0 | AE361: 1 | AF361: 46183 | AG361: 0.375 | AH361: 0.91666667 | AI361: Asia/Jakarta | AJ361: Pickup Return, wajib bawa form BA Return. Bilang ke Apotek “mau tarik barang”. Jika tidak ada barang, tulis keterangan “tidak ada barang retur” di form BA TMP-INV-2026/06/03/ 2813569 Invoice: TMP-INV-2026/06/03/ 2813569 Full Return Tarik Barang | AL361: 46182
A362: AWBR-3317081393 | B362: 11398423 | C362: Corporate B2B Bundle | D362: 26040704573994gbgOpnBqqM | E362: STANDARD | F362: Apotek Puri Bakti | G362: 81316353377 | H362: Jalan Mendut Raya No.21 Perumnas 2 RT.002 RW.011 Kelurahan Bencongan, Kecamatan Kelapa Dua, Kota Tangerang 15810 | I362: ID | J362: PT Teknologi Medika Pratama (SwipeRx) (B2BR) | K362: 87733785699 | L362: Jl. Tugu Raya, Tugu, Kec. Cimanggis, Kota Depok, Jawa Barat 16451,KUBIK LOGISTICS - Kompleks Pergudangan,Gudang E1 | M362: ID | N362: Cimanggis | O362: Depok | P362: Jawa Barat | Q362: 16451 | R362: TMP-INV-2026/04/08/ 2614556 LYCALVIT Interbat SIRUP Tarik Barang | S362: 46183 | T362: 0.375 | U362: 0.91666667 | V362: Asia/Jakarta | W362: 1 | X362: TRUE | Y362: obat | Z362: FALSE | AB362: 1 | AC362: AWBR-3317081393-01 | AD362: 0 | AE362: 1 | AF362: 46183 | AG362: 0.375 | AH362: 0.91666667 | AI362: Asia/Jakarta | AJ362: Pickup Return, wajib bawa form BA Return. Bilang ke Apotek “mau tarik barang”. Jika tidak ada barang, tulis keterangan “tidak ada barang retur” di form BA TMP-INV-2026/04/08/ 2614556 LYCALVIT Interbat SIRUP Tarik Barang | AL362: 46182
... A414: AWBR-3316462710 | B414: 11398423 | C414: Corporate B2B Bundle | D414: 250509072811426bGnxIt5Mj | E414: STANDARD | F414: Apotek Bahari Raya Mampang Tegal Parang Mampang Prapatan | G414: 6.2813e+16 | H414: Jalan Mampang Prapatan VII No 33 RT 010 RW 03, Desa/Kel. Tegal Parang, Kec. Mampang Prapatan, Kota Jakarta Selatan | I414: ID | J414: PT Teknologi Medika Pratama (SwipeRx) (B2BR) | K414: 87733785699 | L414: Jl. Tugu Raya, Tugu, Kec. Cimanggis, Kota Depok, Jawa Barat 16451,KUBIK LOGISTICS - Kompleks Pergudangan,Gudang E1 | M414: ID | N414: Cimanggis | O414: Depok | P414: Jawa Barat | Q414: 16451 | R414: TMP-INV-2025/05/10/ 1565368 HERBABLEND DAILY HEALTH Hermed SIRUP Tarik Barang | S414: 46183 | T414: 0.375 | U414: 0.91666667 | V414: Asia/Jakarta | W414: 1 | X414: TRUE | Y414: obat | Z414: FALSE | AB414: 1 | AC414: AWBR-3316462710-01 | AD414: 0 | AE414: 1 | AF414: 46183 | AG414: 0.375 | AH414: 0.91666667 | AI414: Asia/Jakarta | AJ414: Pickup Return, wajib bawa form BA Return. Bilang ke Apotek “mau tarik barang”. Jika tidak ada barang, tulis keterangan “tidak ada barang retur” di form BA TMP-INV-2025/05/10/ 1565368 HERBABLEND DAILY HEALTH Hermed SIRUP Tarik Barang | AL414: 46182
A415: AWBR-3317074402 | B415: 11398423 | C415: Corporate B2B Bundle | D415: 26042407152473M3cV3Ptkhv | E415: STANDARD | F415: Apotek Inofarma Kebagusan | G415: 62859-2661-1060 | H415: Jl. Kebagusan Raya RT 007 RW 06, Kel. Kebagusan, Kec. Pasar Minggu, Jakarta Selatan | I415: ID | J415: PT Teknologi Medika Pratama (SwipeRx) (B2BR) | K415: 87733785699 | L415: Jl. Tugu Raya, Tugu, Kec. Cimanggis, Kota Depok, Jawa Barat 16451,KUBIK LOGISTICS - Kompleks Pergudangan,Gudang E1 | M415: ID | N415: Cimanggis | O415: Depok | P415: Jawa Barat | Q415: 16451 | R415: TMP-INV-2026/04/25/ 2678001 EPISAN Sanbe SUSPENSI 1x EPISAN Sanbe SUSPENSI 500 MG/5 ML Tarik Barang | S415: 46183 | T415: 0.375 | U415: 0.91666667 | V415: Asia/Jakarta | W415: 1 | X415: TRUE | Y415: obat | Z415: FALSE | AB415: 1 | AC415: AWBR-3317074402-01 | AD415: 0 | AE415: 1 | AF415: 46183 | AG415: 0.375 | AH415: 0.91666667 | AI415: Asia/Jakarta | AJ415: Pickup Return, wajib bawa form BA Return. Bilang ke Apotek “mau tarik barang”. Jika tidak ada barang, tulis keterangan “tidak ada barang retur” di form BA TMP-INV-2026/04/25/ 2678001 EPISAN Sanbe SUSPENSI 1x EPISAN Sanbe SUSPENSI 500 MG/5 ML Tarik Barang | AL415: 46182
A416: AWBR-3316496205 | B416: 11398423 | C416: Corporate B2B Bundle | D416: TMP | E416: STANDARD | F416: Apotek Sehat Berkat Singajaya Jonggol | G416: 6.28127e+17 | H416: Ruko Citra Indah Festival, Blok CIF 08/10, Desa Singajaya Kecamatan Jonggol Kabupaten Bogor | I416: ID | J416: PT Teknologi Medika Pratama (SwipeRx) (B2BR) | K416: 87733785699 | L416: Jl. Tugu Raya, Tugu, Kec. Cimanggis, Kota Depok, Jawa Barat 16451,KUBIK LOGISTICS - Kompleks Pergudangan,Gudang E1 | M416: ID | N416: Cimanggis | O416: Depok | P416: Jawa Barat | Q416: 16451 | R416: TMP-INV-2025/03/25/ 1452052; TMP-INV-2025/03/25/ 1452117; TMP-INV-2025/04/15/ 1500712; TMP-INV-2025/05/04/ 1549315; TMP-INV-2025/03/25/ 1452201 HALOWELL C 500 Pertiwi Agung KAPLET Tarik Barang | S416: 46183 | T416: 0.375 | U416: 0.91666667 | V416: Asia/Jakarta | W416: 1 | X416: TRUE | Y416: obat | Z416: FALSE | AB416: 1 | AC416: AWBR-3316496205-01 | AD416: 0 | AE416: 1 | AF416: 46183 | AG416: 0.375 | AH416: 0.91666667 | AI416: Asia/Jakarta | AJ416: Pickup Return, wajib bawa form BA Return. Bilang ke Apotek “mau tarik barang”. Jika tidak ada barang, tulis keterangan “tidak ada barang retur” di form BA TMP-INV-2025/03/25/ 1452052; TMP-INV-2025/03/25/ 1452117; TMP-INV-2025/04/15/ 1500712; TMP-INV-2025/05/04/ 1549315; TMP-INV-2025/03/25/ 1452201 HALOWELL C 500 Pertiwi Agung KAPLET Tarik Barang | AL416: 46182
A417: AWBR-3316462291 | B417: 11398423 | C417: Corporate B2B Bundle | D417: TMP | E417: STANDARD | F417: Apotek Pasfarma Cipayung Lubang Buaya Cipayung | G417: 6.28232e+17 | H417: Jl. Pd. Gede Raya No.18 P 1, RT.1/RW.8, Lubang Buaya, Kec. Cipayung, Kota Jakarta Timur | I417: ID | J417: PT Teknologi Medika Pratama (SwipeRx) (B2BR) | K417: 87733785699 | L417: Jl. Tugu Raya, Tugu, Kec. Cimanggis, Kota Depok, Jawa Barat 16451,KUBIK LOGISTICS - Kompleks Pergudangan,Gudang E1 | M417: ID | N417: Cimanggis | O417: Depok | P417: Jawa Barat | Q417: 16451 | R417: TMP-INV-2025/11/13/ 2123848 Tarik Barang | S417: 46183 | T417: 0.375 | U417: 0.91666667 | V417: Asia/Jakarta | W417: 1 | X417: TRUE | Y417: obat | Z417: FALSE | AB417: 1 | AC417: AWBR-3316462291-01 | AD417: 0 | AE417: 1 | AF417: 46183 | AG417: 0.375 | AH417: 0.91666667 | AI417: Asia/Jakarta | AJ417: Pickup Return, wajib bawa form BA Return. Bilang ke Apotek “mau tarik barang”. Jika tidak ada barang, tulis keterangan “tidak ada barang retur” di form BA TMP-INV-2025/11/13/ 2123848 Tarik Barang | AL417: 46182
A418: AWBR-3316459278 | B418: 11398423 | C418: Corporate B2B Bundle | D418: TMP | E418: STANDARD | F418: Apotek Pasfarma Cipayung Lubang Buaya Cipayung | G418: 6.28232e+17 | H418: Jl. Pd. Gede Raya No.18 P 1, RT.1/RW.8, Lubang Buaya, Kec. Cipayung, Kota Jakarta Timur | I418: ID | J418: PT Teknologi Medika Pratama (SwipeRx) (B2BR) | K418: 87733785699 | L418: Jl. Tugu Raya, Tugu, Kec. Cimanggis, Kota Depok, Jawa Barat 16451,KUBIK LOGISTICS - Kompleks Pergudangan,Gudang E1 | M418: ID | N418: Cimanggis | O418: Depok | P418: Jawa Barat | Q418: 16451 | R418: TMP-INV-2025/11/13/ 2123848; TMP-INV-2025/11/07/ 2103990 BIOCREAM Merck KRIM Tarik Barang | S418: 46183 | T418: 0.375 | U418: 0.91666667 | V418: Asia/Jakarta | W418: 1 | X418: TRUE | Y418: obat | Z418: FALSE | AB418: 1 | AC418: AWBR-3316459278-01 | AD418: 0 | AE418: 1 | AF418: 46183 | AG418: 0.375 | AH418: 0.91666667 | AI418: Asia/Jakarta | AJ418: Pickup Return, wajib bawa form BA Return. Bilang ke Apotek “mau tarik barang”. Jika tidak ada barang, tulis keterangan “tidak ada barang retur” di form BA TMP-INV-2025/11/13/ 2123848; TMP-INV-2025/11/07/ 2103990 BIOCREAM Merck KRIM Tarik Barang | AL418: 46182
A419: AWBR-3316406298 | B419: 11398423 | C419: Corporate B2B Bundle | D419: 26041502003050QMTN35Vo | E419: STANDARD | F419: Apotek Mina Farma Citaringgul Babakan Madang | G419: 6.28953e+18 | H419: Jl. Raya Citaringgul No. 15 Kp. Citaringgul RT. 001 RW. 003 Desa Citaringgul Kecamatan Babakan Madang Kabupaten Bogor | I419: ID | J419: PT Teknologi Medika Pratama (SwipeRx) (B2BR) | K419: 87733785699 | L419: Jl. Tugu Raya, Tugu, Kec. Cimanggis, Kota Depok, Jawa Barat 16451,KUBIK LOGISTICS - Kompleks Pergudangan,Gudang E1 | M419: ID | N419: Cimanggis | O419: Depok | P419: Jawa Barat | Q419: 16451 | R419: TMP-INV-2026/04/15/ 2640169 TOLAK ANGIN + MADU Sido Muncul CAIRAN ORAL 1x ERLAMYCETIN Erela TETES TELINGA Tarik Barang | S419: 46183 | T419: 0.375 | U419: 0.91666667 | V419: Asia/Jakarta | W419: 1 | X419: TRUE | Y419: obat | Z419: FALSE | AB419: 1 | AC419: AWBR-3316406298-01 | AD419: 0 | AE419: 1 | AF419: 46183 | AG419: 0.375 | AH419: 0.91666667 | AI419: Asia/Jakarta | AJ419: Pickup Return, wajib bawa form BA Return. Bilang ke Apotek “mau tarik barang”. Jika tidak ada barang, tulis keterangan “tidak ada barang retur” di form BA TMP-INV-2026/04/15/ 2640169 TOLAK ANGIN + MADU Sido Muncul CAIRAN ORAL 1x ERLAMYCETIN Erela TETES TELINGA Tarik Barang | AL419: 46182
A420: AWBR-3315215147 | B420: 11398423 | C420: Corporate B2B Bundle | D420: 26060103171250tQ4r6FGC7 | E420: STANDARD | F420: Apotek Mandala Medika Leuwigajah Cimahi Selatan | G420: 6.28212e+17 | H420: Jl. Kihapit Raya Timur No.20 RT.01 RW.08, Kelurahan Leuwigajah, Kec. Cimahi Selatan, Kota Cimahi | I420: ID | J420: PT Teknologi Medika Pratama (SwipeRx) (B2BR) | K420: 87733785699 | L420: Jl. Tugu Raya, Tugu, Kec. Cimanggis, Kota Depok, Jawa Barat 16451,KUBIK LOGISTICS - Kompleks Pergudangan,Gudang E1 | M420: ID | N420: Cimanggis | O420: Depok | P420: Jawa Barat | Q420: 16451 | R420: TMP-INV-2026/06/02/ 2805591 VENTOLIN INHALER CFC FREE Gsk 200 Doses Tarik Barang | S420: 46183 | T420: 0.375 | U420: 0.91666667 | V420: Asia/Jakarta | W420: 1 | X420: TRUE | Y420: obat | Z420: FALSE | AB420: 1 | AC420: AWBR-3315215147-01 | AD420: 0 | AE420: 1 | AF420: 46183 | AG420: 0.375 | AH420: 0.91666667 | AI420: Asia/Jakarta | AJ420: Pickup Return, wajib bawa form BA Return. Bilang ke Apotek “mau tarik barang”. Jika tidak ada barang, tulis keterangan “tidak ada barang retur” di form BA TMP-INV-2026/06/02/ 2805591 VENTOLIN INHALER CFC FREE Gsk 200 Doses Tarik Barang | AL420: 46182
A421: AWBR-3312597598 | B421: 11398423 | C421: Corporate B2B Bundle | D421: 26053002060727XULuJ0Cl3 | E421: STANDARD | F421: Apotek K24 Taman Semanan Indah Duri Kosambi Cengkareng | G421: 6.28132e+17 | H421: Taman Semanan Indah Blok D No. 5,RT 015, RW 011, Desa/Kel. Duri Kosambi, Kec. Cengkareng, Kota Jakarta Barat | I421: ID | J421: PT Teknologi Medika Pratama (SwipeRx) (B2BR) | K421: 87733785699 | L421: Jl. Tugu Raya, Tugu, Kec. Cimanggis, Kota Depok, Jawa Barat 16451,KUBIK LOGISTICS - Kompleks Pergudangan,Gudang E1 | M421: ID | N421: Cimanggis | O421: Depok | P421: Jawa Barat | Q421: 16451 | R421: TMP-INV-2026/05/30/ 2799400 Invoice: TMP-INV-2026/05/30/ 2799400 Full Return Tarik Barang | S421: 46183 | T421: 0.375 | U421: 0.91666667 | V421: Asia/Jakarta | W421: 1 | X421: TRUE | Y421: obat | Z421: FALSE | AB421: 1 | AC421: AWBR-3312597598-01 | AD421: 0 | AE421: 1 | AF421: 46183 | AG421: 0.375 | AH421: 0.91666667 | AI421: Asia/Jakarta | AJ421: Pickup Return, wajib bawa form BA Return. Bilang ke Apotek “mau tarik barang”. Jika tidak ada barang, tulis keterangan “tidak ada barang retur” di form BA TMP-INV-2026/05/30/ 2799400 Invoice: TMP-INV-2026/05/30/ 2799400 Full Return Tarik Barang | AL421: 46182
A422: AWBR-3316457135 | B422: 11398423 | C422: Corporate B2B Bundle | D422: 26060502190988t5oOybyxB | E422: STANDARD | F422: Apotek K24 Taman Semanan Indah Duri Kosambi Cengkareng | G422: 6.28132e+17 | H422: Taman Semanan Indah Blok D No. 5,RT 015, RW 011, Desa/Kel. Duri Kosambi, Kec. Cengkareng, Kota Jakarta Barat | I422: ID | J422: PT Teknologi Medika Pratama (SwipeRx) (B2BR) | K422: 87733785699 | L422: Jl. Tugu Raya, Tugu, Kec. Cimanggis, Kota Depok, Jawa Barat 16451,KUBIK LOGISTICS - Kompleks Pergudangan,Gudang E1 | M422: ID | N422: Cimanggis | O422: Depok | P422: Jawa Barat | Q422: 16451 | R422: TMP-INV-2026/06/05/ 2821551 Invoice: TMP-INV-2026/06/05/ 2821551 Full Return Tarik Barang | S422: 46183 | T422: 0.375 | U422: 0.91666667 | V422: Asia/Jakarta | W422: 1 | X422: TRUE | Y422: obat | Z422: FALSE | AB422: 1 | AC422: AWBR-3316457135-01 | AD422: 0 | AE422: 1 | AF422: 46183 | AG422: 0.375 | AH422: 0.91666667 | AI422: Asia/Jakarta | AJ422: Pickup Return, wajib bawa form BA Return. Bilang ke Apotek “mau tarik barang”. Jika tidak ada barang, tulis keterangan “tidak ada barang retur” di form BA TMP-INV-2026/06/05/ 2821551 Invoice: TMP-INV-2026/06/05/ 2821551 Full Return Tarik Barang | AL422: 46182
A423: AWBR-3316471417 | B423: 11398423 | C423: Corporate B2B Bundle | D423: 26052106054091MnONiE0Vh | E423: STANDARD | F423: Apotek K24 Taman Semanan Indah Duri Kosambi Cengkareng | G423: 6.28132e+17 | H423: Taman Semanan Indah Blok D No. 5,RT 015, RW 011, Desa/Kel. Duri Kosambi, Kec. Cengkareng, Kota Jakarta Barat | I423: ID | J423: PT Teknologi Medika Pratama (SwipeRx) (B2BR) | K423: 87733785699 | L423: Jl. Tugu Raya, Tugu, Kec. Cimanggis, Kota Depok, Jawa Barat 16451,KUBIK LOGISTICS - Kompleks Pergudangan,Gudang E1 | M423: ID | N423: Cimanggis | O423: Depok | P423: Jawa Barat | Q423: 16451 | R423: TMP-INV-2026/05/22/ 2773608 Invoice: TMP-INV-2026/05/22/ 2773608 Full Return Tarik Barang | S423: 46183 | T423: 0.375 | U423: 0.91666667 | V423: Asia/Jakarta | W423: 1 | X423: TRUE | Y423: obat | Z423: FALSE | AB423: 1 | AC423: AWBR-3316471417-01 | AD423: 0 | AE423: 1 | AF423: 46183 | AG423: 0.375 | AH423: 0.91666667 | AI423: Asia/Jakarta | AJ423: Pickup Return, wajib bawa form BA Return. Bilang ke Apotek “mau tarik barang”. Jika tidak ada barang, tulis keterangan “tidak ada barang retur” di form BA TMP-INV-2026/05/22/ 2773608 Invoice: TMP-INV-2026/05/22/ 2773608 Full Return Tarik Barang | AL423: 46182
A424: AWBR-3316402267 | B424: 11398423 | C424: Corporate B2B Bundle | D424: 26052401371984JMs2Q5tGy | E424: STANDARD | F424: Apotek Zamzam Gunung Batu Gunungbatu Bogor Barat | G424: 6.28226e+17 | H424: Jl. Mayjend Ishak Djuarsa No.379 Rt.001 RW.012, Kel. Gunungbatu, Kec. Bogor Barat, Kota Bogor | I424: ID | J424: PT Teknologi Medika Pratama (SwipeRx) (B2BR) | K424: 87733785699 | L424: Jl. Tugu Raya, Tugu, Kec. Cimanggis, Kota Depok, Jawa Barat 16451,KUBIK LOGISTICS - Kompleks Pergudangan,Gudang E1 | M424: ID | N424: Cimanggis | O424: Depok | P424: Jawa Barat | Q424: 16451 | R424: TMP-INV-2026/05/24/ 2779533 ALOCLAIR PLUS MOUTHWASH Enseval OBAT KUMUR Tarik Barang | S424: 46183 | T424: 0.375 | U424: 0.91666667 | V424: Asia/Jakarta | W424: 1 | X424: TRUE | Y424: obat | Z424: FALSE | AB424: 1 | AC424: AWBR-3316402267-01 | AD424: 0 | AE424: 1 | AF424: 46183 | AG424: 0.375 | AH424: 0.91666667 | AI424: Asia/Jakarta | AJ424: Pickup Return, wajib bawa form BA Return. Bilang ke Apotek “mau tarik barang”. Jika tidak ada barang, tulis keterangan “tidak ada barang retur” di form BA TMP-INV-2026/05/24/ 2779533 ALOCLAIR PLUS MOUTHWASH Enseval OBAT KUMUR Tarik Barang | AL424: 46182
A425: AWBR-3315231628 | B425: 11398423 | C425: Corporate B2B Bundle | D425: 26041302101862ntWQlASUe | E425: STANDARD | F425: Apotek Alka Farma Mekar Bakti Panongan | G425: 6,29E+11 | H425: Jl. Citra Raya Boulevard Ruko Blossom, Blok W01 / 05 R, Desa/Kel. Mekar Bakti, Kec. Panongan, Kabupaten Tangerang | I425: ID | J425: PT Teknologi Medika Pratama (SwipeRx) (B2BR) | K425: 87733785699 | L425: Jl. Tugu Raya, Tugu, Kec. Cimanggis, Kota Depok, Jawa Barat 16451,KUBIK LOGISTICS - Kompleks Pergudangan,Gudang E1 | M425: ID | N425: Cimanggis | O425: Depok | P425: Jawa Barat | Q425: 16451 | R425: TMP-INV-2026/04/13/ 2631207 Invoice: TMP-INV-2026/04/13/ 2631207 Full Return Tarik Barang | S425: 46183 | T425: 0.375 | U425: 0.91666667 | V425: Asia/Jakarta | W425: 1 | X425: TRUE | Y425: obat | Z425: FALSE | AB425: 1 | AC425: AWBR-3315231628-01 | AD425: 0 | AE425: 1 | AF425: 46183 | AG425: 0.375 | AH425: 0.91666667 | AI425: Asia/Jakarta | AJ425: Pickup Return, wajib bawa form BA Return. Bilang ke Apotek “mau tarik barang”. Jika tidak ada barang, tulis keterangan “tidak ada barang retur” di form BA TMP-INV-2026/04/13/ 2631207 Invoice: TMP-INV-2026/04/13/ 2631207 Full Return Tarik Barang | AL425: 46182
A426: AWBR-3314581560 | B426: 11398423 | C426: Corporate B2B Bundle | D426: 26021201235345dX9tO75dH | E426: STANDARD | F426: Klinik Pratama Biomedilab Cisoka Cisoka | G426: 6.28775e+17 | H426: Kp. Lukun RT 001 RW 001, Desa/Kelurahan Cisoka, Kec. Cisoka, Kab. Tangerang | I426: ID | J426: PT Teknologi Medika Pratama (SwipeRx) (B2BR) | K426: 87733785699 | L426: Jl. Tugu Raya, Tugu, Kec. Cimanggis, Kota Depok, Jawa Barat 16451,KUBIK LOGISTICS - Kompleks Pergudangan,Gudang E1 | M426: ID | N426: Cimanggis | O426: Depok | P426: Jawa Barat | Q426: 16451 | R426: TMP-INV-2026/02/12/ 2424708 Invoice: TMP-INV-2026/02/12/ 2424708 Full Return Tarik Barang | S426: 46183 | T426: 0.375 | U426: 0.91666667 | V426: Asia/Jakarta | W426: 1 | X426: TRUE | Y426: obat | Z426: FALSE | AB426: 1 | AC426: AWBR-3314581560-01 | AD426: 0 | AE426: 1 | AF426: 46183 | AG426: 0.375 | AH426: 0.91666667 | AI426: Asia/Jakarta | AJ426: Pickup Return, wajib bawa form BA Return. Bilang ke Apotek “mau tarik barang”. Jika tidak ada barang, tulis keterangan “tidak ada barang retur” di form BA TMP-INV-2026/02/12/ 2424708 Invoice: TMP-INV-2026/02/12/ 2424708 Full Return Tarik Barang | AL426: 46182
A427: AWBR-3316447204 | B427: 11398423 | C427: Corporate B2B Bundle | D427: 26060406192408e32sBfZGp | E427: STANDARD | F427: Apotek Ceremai Farma 2 Japara Japara | G427: 6.28581e+17 | H427: Jl.Raya Japara No 1 RT 013 RW 007 Dusun Wage Desa Japara Kec.Japara Kab.Kuningan | I427: ID | J427: PT Teknologi Medika Pratama (SwipeRx) (B2BR) | K427: 87733785699 | L427: Jl. Tugu Raya, Tugu, Kec. Cimanggis, Kota Depok, Jawa Barat 16451,KUBIK LOGISTICS - Kompleks Pergudangan,Gudang E1 | M427: ID | N427: Cimanggis | O427: Depok | P427: Jawa Barat | Q427: 16451 | R427: TMP-INV-2026/06/05/ 2822695 BODREXIN FLU dan BATUK PE Tempo Scan SIRUP RASA JERUK 8x OBH Surya Itrasal SIRUP 4x MINYAK ANGIN CAP KAPAK Yahi Utama 4x VESPERUM Ifars SUSPENSI 10x VICKS VAPORUB Darya-Varia Tarik Barang | S427: 46183 | T427: 0.375 | U427: 0.91666667 | V427: Asia/Jakarta | W427: 1 | X427: TRUE | Y427: obat | Z427: FALSE | AB427: 1 | AC427: AWBR-3316447204-01 | AD427: 0 | AE427: 1 | AF427: 46183 | AG427: 0.375 | AH427: 0.91666667 | AI427: Asia/Jakarta | AJ427: Pickup Return, wajib bawa form BA Return. Bilang ke Apotek “mau tarik barang”. Jika tidak ada barang, tulis keterangan “tidak ada barang retur” di form BA TMP-INV-2026/06/05/ 2822695 BODREXIN FLU dan BATUK PE Tempo Scan SIRUP RASA JERUK 8x OBH Surya Itrasal SIRUP 4x MINYAK ANGIN CAP KAPAK Yahi Utama 4x VESPERUM Ifars SUSPENSI 10x VICKS VAPORUB Darya-Varia Tarik Barang | AL427: 46182
A428: AWBR-3316412495 | B428: 11398423 | C428: Corporate B2B Bundle | D428: 26052710055644eRQ7Te9B4 | E428: STANDARD | F428: Apotek Mulya 2 Taraju Taraju | G428: 6.2824e+16 | H428: Jl. Raya Taraju RT. 003 RW. 004 Desa Taraju, Kecamatan Taraju, Kabupaten Tasikmalaya | I428: ID | J428: PT Teknologi Medika Pratama (SwipeRx) (B2BR) | K428: 87733785699 | L428: Jl. Tugu Raya, Tugu, Kec. Cimanggis, Kota Depok, Jawa Barat 16451,KUBIK LOGISTICS - Kompleks Pergudangan,Gudang E1 | M428: ID | N428: Cimanggis | O428: Depok | P428: Jawa Barat | Q428: 16451 | R428: TMP-INV-2026/05/28/ 2793570 OBH COMBI BATUK PLUS FLU RASA JAHE Combiphar SIRUP 5x OBH COMBI BATUK PLUS FLU RASA JAHE Combiphar SIRUP Tarik Barang | S428: 46183 | T428: 0.375 | U428: 0.91666667 | V428: Asia/Jakarta | W428: 1 | X428: TRUE | Y428: obat | Z428: FALSE | AB428: 1 | AC428: AWBR-3316412495-01 | AD428: 0 | AE428: 1 | AF428: 46183 | AG428: 0.375 | AH428: 0.91666667 | AI428: Asia/Jakarta | AJ428: Pickup Return, wajib bawa form BA Return. Bilang ke Apotek “mau tarik barang”. Jika tidak ada barang, tulis keterangan “tidak ada barang retur” di form BA TMP-INV-2026/05/28/ 2793570 OBH COMBI BATUK PLUS FLU RASA JAHE Combiphar SIRUP 5x OBH COMBI BATUK PLUS FLU RASA JAHE Combiphar SIRUP Tarik Barang | AL428: 46182
A429: AWBR-3316410843 | B429: 11398423 | C429: Corporate B2B Bundle | D429: 26060104384503AvAsZwn6r | E429: STANDARD | F429: Apotek Pranajaya Sukamaju Majalaya | G429: 6.28222e+17 | H429: Jl. Raya Laswi, No. 149, RT. 002, RW. 008, Desa/Kelurahan Sukamaju, Kec. Majalaya, Kab. Bandung | I429: ID | J429: PT Teknologi Medika Pratama (SwipeRx) (B2BR) | K429: 87733785699 | L429: Jl. Tugu Raya, Tugu, Kec. Cimanggis, Kota Depok, Jawa Barat 16451,KUBIK LOGISTICS - Kompleks Pergudangan,Gudang E1 | M429: ID | N429: Cimanggis | O429: Depok | P429: Jawa Barat | Q429: 16451 | R429: TMP-INV-2026/06/02/ 2806005 INTERLAC Interbat DROPS Tarik Barang | S429: 46183 | T429: 0.375 | U429: 0.91666667 | V429: Asia/Jakarta | W429: 1 | X429: TRUE | Y429: obat | Z429: FALSE | AB429: 1 | AC429: AWBR-3316410843-01 | AD429: 0 | AE429: 1 | AF429: 46183 | AG429: 0.375 | AH429: 0.91666667 | AI429: Asia/Jakarta | AJ429: Pickup Return, wajib bawa form BA Return. Bilang ke Apotek “mau tarik barang”. Jika tidak ada barang, tulis keterangan “tidak ada barang retur” di form BA TMP-INV-2026/06/02/ 2806005 INTERLAC Interbat DROPS Tarik Barang | AL429: 46182
A430: AWBR-3313809368 | B430: 11398423 | C430: Corporate B2B Bundle | D430: 26060203532922W9rOGOb83 | E430: STANDARD | F430: Apotek Sugeng | G430: 8123566495 | H430: Jalan Petemon Barat No. 136 Kelurahan Petemon Kecamatan Sawahan Kota Surabaya 60252 | I430: ID | J430: PT Teknologi Medika Pratama (SwipeRx) (B2BR) | K430: 87733785699 | L430: Jl. Tugu Raya, Tugu, Kec. Cimanggis, Kota Depok, Jawa Barat 16451,KUBIK LOGISTICS - Kompleks Pergudangan,Gudang E1 | M430: ID | N430: Cimanggis | O430: Depok | P430: Jawa Barat | Q430: 16451 | R430: TMP-INV-2026/06/02/ 2807703 VOMIZOLE 40 Dexa Medica TABLET 40 MG Tarik Barang | S430: 46183 | T430: 0.375 | U430: 0.91666667 | V430: Asia/Jakarta | W430: 1 | X430: TRUE | Y430: obat | Z430: FALSE | AB430: 1 | AC430: AWBR-3313809368-01 | AD430: 0 | AE430: 1 | AF430: 46183 | AG430: 0.375 | AH430: 0.91666667 | AI430: Asia/Jakarta | AJ430: Pickup Return, wajib bawa form BA Return. Bilang ke Apotek “mau tarik barang”. Jika tidak ada barang, tulis keterangan “tidak ada barang retur” di form BA TMP-INV-2026/06/02/ 2807703 VOMIZOLE 40 Dexa Medica TABLET 40 MG Tarik Barang | AL430: 46182
A431: AWBR-3315932564 | B431: 11398423 | C431: Corporate B2B Bundle | D431: 26060407381253vaNrJJug1 | E431: STANDARD | F431: Apotek Sumber Waras 3631 | G431: 6.28524e+17 | H431: Jalan Galunggung No.91A, Gading Kasri, Kecamatan Klojen, Kota Malang, Jawa Timur 65115 | I431: ID | J431: PT Teknologi Medika Pratama (SwipeRx) (B2BR) | K431: 87733785699 | L431: Jl. Tugu Raya, Tugu, Kec. Cimanggis, Kota Depok, Jawa Barat 16451,KUBIK LOGISTICS - Kompleks Pergudangan,Gudang E1 | M431: ID | N431: Cimanggis | O431: Depok | P431: Jawa Barat | Q431: 16451 | R431: TMP-INV-2026/06/04/ 2818625 ANDALAN ALAT UJI KEHAMILAN MIDSTREAM Dkt Tarik Barang | S431: 46183 | T431: 0.375 | U431: 0.91666667 | V431: Asia/Jakarta | W431: 1 | X431: TRUE | Y431: obat | Z431: FALSE | AB431: 1 | AC431: AWBR-3315932564-01 | AD431: 0 | AE431: 1 | AF431: 46183 | AG431: 0.375 | AH431: 0.91666667 | AI431: Asia/Jakarta | AJ431: Pickup Return, wajib bawa form BA Return. Bilang ke Apotek “mau tarik barang”. Jika tidak ada barang, tulis keterangan “tidak ada barang retur” di form BA TMP-INV-2026/06/04/ 2818625 ANDALAN ALAT UJI KEHAMILAN MIDSTREAM Dkt Tarik Barang | AL431: 46182
A432: AWBR-3315344953 | B432: 11398423 | C432: Corporate B2B Bundle | D432: 26060403040661dOCnjISe | E432: STANDARD | F432: Apotek Mira Farma | G432: 6.28524e+17 | H432: Jl. Bukit Berbunga No 5 RT.03 RW.08, Desa/Kelurahan Sidomulyo,Kecamatan Batu, Kota Batu,Jawa Timur,65317 | I432: ID | J432: PT Teknologi Medika Pratama (SwipeRx) (B2BR) | K432: 87733785699 | L432: Jl. Tugu Raya, Tugu, Kec. Cimanggis, Kota Depok, Jawa Barat 16451,KUBIK LOGISTICS - Kompleks Pergudangan,Gudang E1 | M432: ID | N432: Cimanggis | O432: Depok | P432: Jawa Barat | Q432: 16451 | R432: TMP-INV-2026/06/04/ 2818586 ATORVASTATIN CALCIUM Hexpharm TABLET 10 MG Tarik Barang | S432: 46183 | T432: 0.375 | U432: 0.91666667 | V432: Asia/Jakarta | W432: 1 | X432: TRUE | Y432: obat | Z432: FALSE | AB432: 1 | AC432: AWBR-3315344953-01 | AD432: 0 | AE432: 1 | AF432: 46183 | AG432: 0.375 | AH432: 0.91666667 | AI432: Asia/Jakarta | AJ432: Pickup Return, wajib bawa form BA Return. Bilang ke Apotek “mau tarik barang”. Jika tidak ada barang, tulis keterangan “tidak ada barang retur” di form BA TMP-INV-2026/06/04/ 2818586 ATORVASTATIN CALCIUM Hexpharm TABLET 10 MG Tarik Barang | AL432: 46182
A433: AWBR-3315192715 | B433: 11398423 | C433: Corporate B2B Bundle | D433: 26060305422663HpKHomBuG | E433: STANDARD | F433: Apotek Blimbing Farma | G433: 6.28571e+17 | H433: Jalan Blimbing - Gudo no 22 Blimbing, Kecamatan Gudo, Kabupaten Jombang 61463 | I433: ID | J433: PT Teknologi Medika Pratama (SwipeRx) (B2BR) | K433: 87733785699 | L433: Jl. Tugu Raya, Tugu, Kec. Cimanggis, Kota Depok, Jawa Barat 16451,KUBIK LOGISTICS - Kompleks Pergudangan,Gudang E1 | M433: ID | N433: Cimanggis | O433: Depok | P433: Jawa Barat | Q433: 16451 | R433: TMP-INV-2026/06/04/ 2818267 SAKATONIK ACTIV MULTIVITAMIN ZAT BESI Saka Farma KAPLET Tarik Barang | S433: 46183 | T433: 0.375 | U433: 0.91666667 | V433: Asia/Jakarta | W433: 1 | X433: TRUE | Y433: obat | Z433: FALSE | AB433: 1 | AC433: AWBR-3315192715-01 | AD433: 0 | AE433: 1 | AF433: 46183 | AG433: 0.375 | AH433: 0.91666667 | AI433: Asia/Jakarta | AJ433: Pickup Return, wajib bawa form BA Return. Bilang ke Apotek “mau tarik barang”. Jika tidak ada barang, tulis keterangan “tidak ada barang retur” di form BA TMP-INV-2026/06/04/ 2818267 SAKATONIK ACTIV MULTIVITAMIN ZAT BESI Saka Farma KAPLET Tarik Barang | AL433: 46182
A434: AWBR-3315512096 | B434: 11398423 | C434: Corporate B2B Bundle | D434: 26052604393871RtTQS52o | E434: STANDARD | F434: Klinik Pratama Paradise Gununganyar Rungkut Menanggal | G434: 6.28224e+17 | H434: Jl. Rungkut Menanggal Harapan J No. 9,Desa/Kelurahan Rungkut Menanggal,Kecamatan Gunung Anyar,Kota Surabaya,Jawa Timur,60293 | I434: ID | J434: PT Teknologi Medika Pratama (SwipeRx) (B2BR) | K434: 87733785699 | L434: Jl. Tugu Raya, Tugu, Kec. Cimanggis, Kota Depok, Jawa Barat 16451,KUBIK LOGISTICS - Kompleks Pergudangan,Gudang E1 | M434: ID | N434: Cimanggis | O434: Depok | P434: Jawa Barat | Q434: 16451 | R434: TMP-INV-2026/05/26/ 2788234 PRAXION Pharos DROPS Tarik Barang | S434: 46183 | T434: 0.375 | U434: 0.91666667 | V434: Asia/Jakarta | W434: 1 | X434: TRUE | Y434: obat | Z434: FALSE | AB434: 1 | AC434: AWBR-3315512096-01 | AD434: 0 | AE434: 1 | AF434: 46183 | AG434: 0.375 | AH434: 0.91666667 | AI434: Asia/Jakarta | AJ434: Pickup Return, wajib bawa form BA Return. Bilang ke Apotek “mau tarik barang”. Jika tidak ada barang, tulis keterangan “tidak ada barang retur” di form BA TMP-INV-2026/05/26/ 2788234 PRAXION Pharos DROPS Tarik Barang | AL434: 46182
A435: AWBR-3316409881 | B435: 11398423 | C435: Corporate B2B Bundle | D435: 25020402431048nmpg5BhwV | E435: STANDARD | F435: Apotek Umi | G435: 6.2818e+16 | H435: Jalan Karah Agung No.29 ( Lama : Jalan Karah Agung No. 18 ) , Kelurahan Karah, Kecamatan Jambangan, Kota Surabaya, Jawa Timur 60232 | I435: ID | J435: PT Teknologi Medika Pratama (SwipeRx) (B2BR) | K435: 87733785699 | L435: Jl. Tugu Raya, Tugu, Kec. Cimanggis, Kota Depok, Jawa Barat 16451,KUBIK LOGISTICS - Kompleks Pergudangan,Gudang E1 | M435: ID | N435: Cimanggis | O435: Depok | P435: Jawa Barat | Q435: 16451 | R435: TMP-INV-2025/02/04/ 1328383 AKILEN Sanbe TETES MATA Tarik Barang | S435: 46183 | T435: 0.375 | U435: 0.91666667 | V435: Asia/Jakarta | W435: 1 | X435: TRUE | Y435: obat | Z435: FALSE | AB435: 1 | AC435: AWBR-3316409881-01 | AD435: 0 | AE435: 1 | AF435: 46183 | AG435: 0.375 | AH435: 0.91666667 | AI435: Asia/Jakarta | AJ435: Pickup Return, wajib bawa form BA Return. Bilang ke Apotek “mau tarik barang”. Jika tidak ada barang, tulis keterangan “tidak ada barang retur” di form BA TMP-INV-2025/02/04/ 1328383 AKILEN Sanbe TETES MATA Tarik Barang | AL435: 46182
A436: AWBR-3314599015 | B436: 11398423 | C436: Corporate B2B Bundle | D436: 25070211580634U34f7yvyX | E436: STANDARD | F436: Apotek HDK Farma | G436: 6.28129e+17 | H436: Dusun Sumbergesing Kulon RT 1 RW 8 Gedangan, Kecamatan Gedangan, Kabupaten Malang 65178 | I436: ID | J436: PT Teknologi Medika Pratama (SwipeRx) (B2BR) | K436: 87733785699 | L436: Jl. Tugu Raya, Tugu, Kec. Cimanggis, Kota Depok, Jawa Barat 16451,KUBIK LOGISTICS - Kompleks Pergudangan,Gudang E1 | M436: ID | N436: Cimanggis | O436: Depok | P436: Jawa Barat | Q436: 16451 | R436: TMP-INV-2025/07/03/ 1706708 LACTOGEN PREMATURE and LBW Nestle Tarik Barang | S436: 46183 | T436: 0.375 | U436: 0.91666667 | V436: Asia/Jakarta | W436: 1 | X436: TRUE | Y436: obat | Z436: FALSE | AB436: 1 | AC436: AWBR-3314599015-01 | AD436: 0 | AE436: 1 | AF436: 46183 | AG436: 0.375 | AH436: 0.91666667 | AI436: Asia/Jakarta | AJ436: Pickup Return, wajib bawa form BA Return. Bilang ke Apotek “mau tarik barang”. Jika tidak ada barang, tulis keterangan “tidak ada barang retur” di form BA TMP-INV-2025/07/03/ 1706708 LACTOGEN PREMATURE and LBW Nestle Tarik Barang | AL436: 46182
A437: AWBR-3316292738 | B437: 11398423 | C437: Corporate B2B Bundle | D437: 26060407574653WMpP7vbQD | E437: STANDARD | F437: Apotek Mojogedang | G437: 6.28516e+17 | H437: Jl.Raya Mojogedang-Jamus, Dersono RT 02 RW 04 Kel.Mojogedang, Kec.Mojogedang, Kabupaten Karanganyar Jawa Tengah 57752 | I437: ID | J437: PT Teknologi Medika Pratama (SwipeRx) (B2BR) | K437: 87733785699 | L437: Jl. Tugu Raya, Tugu, Kec. Cimanggis, Kota Depok, Jawa Barat 16451,KUBIK LOGISTICS - Kompleks Pergudangan,Gudang E1 | M437: ID | N437: Cimanggis | O437: Depok | P437: Jawa Barat | Q437: 16451 | R437: TMP-INV-2026/06/04/ 2818661 DUPHASTON Abbott TABLET 10 MG 1x MICROGEST 200 Lapi KAPSUL Tarik Barang | S437: 46183 | T437: 0.375 | U437: 0.91666667 | V437: Asia/Jakarta | W437: 1 | X437: TRUE | Y437: obat | Z437: FALSE | AB437: 1 | AC437: AWBR-3316292738-01 | AD437: 0 | AE437: 1 | AF437: 46183 | AG437: 0.375 | AH437: 0.91666667 | AI437: Asia/Jakarta | AJ437: Pickup Return, wajib bawa form BA Return. Bilang ke Apotek “mau tarik barang”. Jika tidak ada barang, tulis keterangan “tidak ada barang retur” di form BA TMP-INV-2026/06/04/ 2818661 DUPHASTON Abbott TABLET 10 MG 1x MICROGEST 200 Lapi KAPSUL Tarik Barang | AL437: 46182
... A469: AWBR-3316419472 | B469: 11398423 | C469: Corporate B2B Bundle | D469: 26053113005958VAicW7Uas | E469: STANDARD | F469: Apotek Anvi Farma Klepu Sumbermanjing Wetan | G469: 6.28223e+17 | H469: JI. Raya Pasar RT.01 RW.01 Desa/ Kel. Klepu, Kec. Sumbermanjing Wetan, Kabupaten Malang, Jawa Timur, 65176 | I469: ID | J469: PT Teknologi Medika Pratama (SwipeRx) (B2BR) | K469: 87733785699 | L469: Jl. Tugu Raya, Tugu, Kec. Cimanggis, Kota Depok, Jawa Barat 16451,KUBIK LOGISTICS - Kompleks Pergudangan,Gudang E1 | M469: ID | N469: Cimanggis | O469: Depok | P469: Jawa Barat | Q469: 16451 | R469: TMP-INV-2026/06/01/ 2802609 Invoice: TMP-INV-2026/06/01/ 2802609 Full Return Tarik Barang | S469: 46183 | T469: 0.375 | U469: 0.91666667 | V469: Asia/Jakarta | W469: 1 | X469: TRUE | Y469: obat | Z469: FALSE | AB469: 1 | AC469: AWBR-3316419472-01 | AD469: 0 | AE469: 1 | AF469: 46183 | AG469: 0.375 | AH469: 0.91666667 | AI469: Asia/Jakarta | AJ469: Pickup Return, wajib bawa form BA Return. Bilang ke Apotek “mau tarik barang”. Jika tidak ada barang, tulis keterangan “tidak ada barang retur” di form BA TMP-INV-2026/06/01/ 2802609 Invoice: TMP-INV-2026/06/01/ 2802609 Full Return Tarik Barang | AL469: 46182
A470: AWBR-12078-2026-6-10 | B470: 11398423 | C470: Corporate B2B Bundle | D470: 25042210592222VvExm9uch | E470: STANDARD | F470: Apotek A Plus Telagamurni Cikarang Barat | G470: 6.2881e+17 | H470: Kampung Bojong Koneng, RT 01/RW 02, Desa/Kel. Telagamurni, Kec. Cikarang Barat, Kab. Bekasi | I470: ID | J470: PT Teknologi Medika Pratama (SwipeRx) (B2BR) | K470: 87733785699 | L470: Jl. Tugu Raya, Tugu, Kec. Cimanggis, Kota Depok, Jawa Barat 16451,KUBIK LOGISTICS - Kompleks Pergudangan,Gudang E1 | M470: ID | N470: Cimanggis | O470: Depok | P470: Jawa Barat | Q470: 16451 | R470: TMP-INV-2025/04/23/ 1520443 / TMP-INV-2025/05/04/ 1548567 ZINC SULFATE MONOHYDRATE Combiphar DROPS DUS, 1 BOTOL @ 15 ML ASTRIA Pertiwi Agung KAPSUL 4 MG DUS, 2 STRIP @ 6 KAPSUL LUNAK Tarik Barang Retur | S470: 46183 | T470: 0.375 | U470: 0.91666667 | V470: Asia/Jakarta | W470: 1 | X470: TRUE | Y470: obat | Z470: FALSE | AB470: 1 | AC470: AWBR-12078-2026-6-10-01 | AD470: 0 | AE470: 1 | AF470: 46183 | AG470: 0.375 | AH470: 0.91666667 | AI470: Asia/Jakarta | AJ470: Pickup Return, wajib bawa form BA Return. Bilang ke Apotek “mau tarik barang”. Jika tidak ada barang, tulis keterangan “tidak ada barang retur” di form BA TMP-INV-2025/04/23/ 1520443 / TMP-INV-2025/05/04/ 1548567 ZINC SULFATE MONOHYDRATE Combiphar DROPS DUS, 1 BOTOL @ 15 ML ASTRIA Pertiwi Agung KAPSUL 4 MG DUS, 2 STRIP @ 6 KAPSUL LUNAK Tarik Barang Retur | AK470: Pickup Return, wajib bawa form BA Return. Bilang ke Apotek “mau tarik barang”. Jika tidak ada barang, tulis keterangan “tidak ada barang retur” di form BA | AL470: 46182
A471: AWBR-2343-2026-6-10 | B471: 11398423 | C471: Corporate B2B Bundle | D471: 26060223110794rwxVlZCvR | E471: STANDARD | F471: Apotek Aliya | G471: 81388854434 | H471: Jalan Raya Kranggan No.12 RT 001 RW 004 Desa Puspasari Kecamatan Citeureup Kabupaten Bogor 16810 | I471: ID | J471: PT Teknologi Medika Pratama (SwipeRx) (B2BR) | K471: 87733785699 | L471: Jl. Tugu Raya, Tugu, Kec. Cimanggis, Kota Depok, Jawa Barat 16451,KUBIK LOGISTICS - Kompleks Pergudangan,Gudang E1 | M471: ID | N471: Cimanggis | O471: Depok | P471: Jawa Barat | Q471: 16451 | R471: TMP-INV-2026/06/03/ 2812983 TRINORDIOL-28 Sunthi TABLET DUS, 2 BLISTER @ 28 TABLET SALUT GULA Tarik Barang Retur | S471: 46183 | T471: 0.375 | U471: 0.91666667 | V471: Asia/Jakarta | W471: 1 | X471: TRUE | Y471: obat | Z471: FALSE | AB471: 1 | AC471: AWBR-2343-2026-6-10-01 | AD471: 0 | AE471: 1 | AF471: 46183 | AG471: 0.375 | AH471: 0.91666667 | AI471: Asia/Jakarta | AJ471: Pickup Return, wajib bawa form BA Return. Bilang ke Apotek “mau tarik barang”. Jika tidak ada barang, tulis keterangan “tidak ada barang retur” di form BA TMP-INV-2026/06/03/ 2812983 TRINORDIOL-28 Sunthi TABLET DUS, 2 BLISTER @ 28 TABLET SALUT GULA Tarik Barang Retur | AL471: 46182
A472: AWBR-15738-2026-6-10 | B472: 11398423 | C472: Corporate B2B Bundle | D472: 25101303573870drSx2IFG5 | E472: STANDARD | F472: Apotek Barokah Plus Bojong Rawalumbu Rawalumbu | G472: 6.28521e+17 | H472: Jl Caringin no 6A RT 003 RW 005 , Desa/Kelurahan Bojong Rawalumbu, Kec. Rawalumbu, Kota Bekasi | I472: ID | J472: PT Teknologi Medika Pratama (SwipeRx) (B2BR) | K472: 87733785699 | L472: Jl. Tugu Raya, Tugu, Kec. Cimanggis, Kota Depok, Jawa Barat 16451,KUBIK LOGISTICS - Kompleks Pergudangan,Gudang E1 | M472: ID | N472: Cimanggis | O472: Depok | P472: Jawa Barat | Q472: 16451 | R472: TMP-INV-2025/10/14/ 2022305 VENTOLIN INHALER CFC FREE Gsk 200 Doses DUS, 1 BOTOL @ 200 DOSIS Tarik Barang Retur | S472: 46183 | T472: 0.375 | U472: 0.91666667 | V472: Asia/Jakarta | W472: 1 | X472: TRUE | Y472: obat | Z472: FALSE | AB472: 1 | AC472: AWBR-15738-2026-6-10-01 | AD472: 0 | AE472: 1 | AF472: 46183 | AG472: 0.375 | AH472: 0.91666667 | AI472: Asia/Jakarta | AJ472: Pickup Return, wajib bawa form BA Return. Bilang ke Apotek “mau tarik barang”. Jika tidak ada barang, tulis keterangan “tidak ada barang retur” di form BA TMP-INV-2025/10/14/ 2022305 VENTOLIN INHALER CFC FREE Gsk 200 Doses DUS, 1 BOTOL @ 200 DOSIS Tarik Barang Retur | AL472: 46182
A473: AWBR-1467-2026-6-10 | B473: 11398423 | C473: Corporate B2B Bundle | D473: 24100208393449Gl5jeQQnaA | E473: STANDARD | F473: Apotek Cinta Sehat 1467 | G473: 81317174324 | H473: Jl KH. Agus Salim No 50 V Rt 07 Rw 06 bekasi jaya Kecamatan Bekasi Timur kota Bekasi | I473: ID | J473: PT Teknologi Medika Pratama (SwipeRx) (B2BR) | K473: 87733785699 | L473: Jl. Tugu Raya, Tugu, Kec. Cimanggis, Kota Depok, Jawa Barat 16451,KUBIK LOGISTICS - Kompleks Pergudangan,Gudang E1 | M473: ID | N473: Cimanggis | O473: Depok | P473: Jawa Barat | Q473: 16451 | R473: TMP-INV-2024/10/03/ 1046777 MEBO Pharma Health DUS, 1 TUBE 20 g Tarik Barang Retur | S473: 46183 | T473: 0.375 | U473: 0.91666667 | V473: Asia/Jakarta | W473: 1 | X473: TRUE | Y473: obat | Z473: FALSE | AB473: 1 | AC473: AWBR-1467-2026-6-10-01 | AD473: 0 | AE473: 1 | AF473: 46183 | AG473: 0.375 | AH473: 0.91666667 | AI473: Asia/Jakarta | AJ473: Pickup Return, wajib bawa form BA Return. Bilang ke Apotek “mau tarik barang”. Jika tidak ada barang, tulis keterangan “tidak ada barang retur” di form BA TMP-INV-2024/10/03/ 1046777 MEBO Pharma Health DUS, 1 TUBE 20 g Tarik Barang Retur | AL473: 46182
A474: AWBR-15247-2026-6-10 | B474: 11398423 | C474: Corporate B2B Bundle | D474: 25052512085245L0FAs9BxVK | E474: STANDARD | F474: Apotek Dzahira Mustika Jaya Mustika Jaya | G474: 6.28226e+17 | H474: Perumahan Pondok Timur Indah Blok. C 164, Jl. Titiran II Kel. Mustika Jaya Kec. Mustika Jaya, Kota Bekasi | I474: ID | J474: PT Teknologi Medika Pratama (SwipeRx) (B2BR) | K474: 87733785699 | L474: Jl. Tugu Raya, Tugu, Kec. Cimanggis, Kota Depok, Jawa Barat 16451,KUBIK LOGISTICS - Kompleks Pergudangan,Gudang E1 | M474: ID | N474: Cimanggis | O474: Depok | P474: Jawa Barat | Q474: 16451 | R474: TMP-INV-2025/05/26/ 1605922 CENDO CARPINE 2% Cendo TETES MATA Minidose CATCH COVER, 5 BOTOL PLASTIK @ 0,6 ML VERNACEL Cendo TETES MATA BOTOL 5 ML Tarik Barang Retur | S474: 46183 | T474: 0.375 | U474: 0.91666667 | V474: Asia/Jakarta | W474: 1 | X474: TRUE | Y474: obat | Z474: FALSE | AB474: 1 | AC474: AWBR-15247-2026-6-10-01 | AD474: 0 | AE474: 1 | AF474: 46183 | AG474: 0.375 | AH474: 0.91666667 | AI474: Asia/Jakarta | AJ474: Pickup Return, wajib bawa form BA Return. Bilang ke Apotek “mau tarik barang”. Jika tidak ada barang, tulis keterangan “tidak ada barang retur” di form BA TMP-INV-2025/05/26/ 1605922 CENDO CARPINE 2% Cendo TETES MATA Minidose CATCH COVER, 5 BOTOL PLASTIK @ 0,6 ML VERNACEL Cendo TETES MATA BOTOL 5 ML Tarik Barang Retur | AL474: 46182
A475: AWBR-12122-2026-6-10 | B475: 11398423 | C475: Corporate B2B Bundle | D475: 26041715282137f28bJNKw | E475: STANDARD | F475: Apotek Eka Mandiri Kaliabang Tengah Bekasi Utara | G475: 6.28221e+17 | H475: Jl. Raya Kaliabang Tengah No 06, Kel. Kaliabang Tengah, Kec. Bekasi Utara, Kota Bekasi | I475: ID | J475: PT Teknologi Medika Pratama (SwipeRx) (B2BR) | K475: 87733785699 | L475: Jl. Tugu Raya, Tugu, Kec. Cimanggis, Kota Depok, Jawa Barat 16451,KUBIK LOGISTICS - Kompleks Pergudangan,Gudang E1 | M475: ID | N475: Cimanggis | O475: Depok | P475: Jawa Barat | Q475: 16451 | R475: TMP-INV-2026/04/18/ 2651184 IMBOOST EXTRA VIT C dan D3 KIDS Soho TABLET HISAP DUS, BOTOL PLASTIK @ 21 TABLET HISAP Tarik Barang Retur | S475: 46183 | T475: 0.375 | U475: 0.91666667 | V475: Asia/Jakarta | W475: 1 | X475: TRUE | Y475: obat | Z475: FALSE | AB475: 1 | AC475: AWBR-12122-2026-6-10-01 | AD475: 0 | AE475: 1 | AF475: 46183 | AG475: 0.375 | AH475: 0.91666667 | AI475: Asia/Jakarta | AJ475: Pickup Return, wajib bawa form BA Return. Bilang ke Apotek “mau tarik barang”. Jika tidak ada barang, tulis keterangan “tidak ada barang retur” di form BA TMP-INV-2026/04/18/ 2651184 IMBOOST EXTRA VIT C dan D3 KIDS Soho TABLET HISAP DUS, BOTOL PLASTIK @ 21 TABLET HISAP Tarik Barang Retur | AL475: 46182
A476: AWBR-2958-2026-6-10 | B476: 11398423 | C476: Corporate B2B Bundle | D476: 260525030333048l0WtPCoM7 | E476: STANDARD | F476: Apotek Hayy Farma | G476: 87774007271 | H476: Kp. Kamansari RT 002/005 No 18. Desa Cikande. Kec. Cikande. Kab. Serang Banten 42186 | I476: ID | J476: PT Teknologi Medika Pratama (SwipeRx) (B2BR) | K476: 87733785699 | L476: Jl. Tugu Raya, Tugu, Kec. Cimanggis, Kota Depok, Jawa Barat 16451,KUBIK LOGISTICS - Kompleks Pergudangan,Gudang E1 | M476: ID | N476: Cimanggis | O476: Depok | P476: Jawa Barat | Q476: 16451 | R476: TMP-INV-2026/05/25/ 2783623 TRINORDIOL-28 Sunthi TABLET DUS, 2 BLISTER @ 28 TABLET SALUT GULA Tarik Barang Retur | S476: 46183 | T476: 0.375 | U476: 0.91666667 | V476: Asia/Jakarta | W476: 1 | X476: TRUE | Y476: obat | Z476: FALSE | AB476: 1 | AC476: AWBR-2958-2026-6-10-01 | AD476: 0 | AE476: 1 | AF476: 46183 | AG476: 0.375 | AH476: 0.91666667 | AI476: Asia/Jakarta | AJ476: Pickup Return, wajib bawa form BA Return. Bilang ke Apotek “mau tarik barang”. Jika tidak ada barang, tulis keterangan “tidak ada barang retur” di form BA TMP-INV-2026/05/25/ 2783623 TRINORDIOL-28 Sunthi TABLET DUS, 2 BLISTER @ 28 TABLET SALUT GULA Tarik Barang Retur | AL476: 46182
A477: AWBR-14029-2026-6-10 | B477: 11398423 | C477: Corporate B2B Bundle | D477: 26051903255916OUCXfXQmW0 | E477: STANDARD | F477: Apotek Inofarma Pulogebang | G477: 6.28789e+17 | H477: Jl. Pulo Gebang No. 63 RT 001 RW 006, Pulo Gebang, Cakung, Kota Jakarta Timur | I477: ID | J477: PT Teknologi Medika Pratama (SwipeRx) (B2BR) | K477: 87733785699 | L477: Jl. Tugu Raya, Tugu, Kec. Cimanggis, Kota Depok, Jawa Barat 16451,KUBIK LOGISTICS - Kompleks Pergudangan,Gudang E1 | M477: ID | N477: Cimanggis | O477: Depok | P477: Jawa Barat | Q477: 16451 | R477: TMP-INV-2026/05/20/ 2763745 TMP-INV-2026/05/25/ 2783879 SELECTION FACIAL COTTON PACK @ 75 GRAM TRINORDIOL-28 Sunthi TABLET DUS, 2 BLISTER @ 28 TABLET SALUT GULA Tarik Barang Damaged | S477: 46183 | T477: 0.375 | U477: 0.91666667 | V477: Asia/Jakarta | W477: 1 | X477: TRUE | Y477: obat | Z477: FALSE | AB477: 1 | AC477: AWBR-14029-2026-6-10-01 | AD477: 0 | AE477: 1 | AF477: 46183 | AG477: 0.375 | AH477: 0.91666667 | AI477: Asia/Jakarta | AJ477: Pickup Return, wajib bawa form BA Return. Bilang ke Apotek “mau tarik barang”. Jika tidak ada barang, tulis keterangan “tidak ada barang retur” di form BA TMP-INV-2026/05/20/ 2763745 TMP-INV-2026/05/25/ 2783879 SELECTION FACIAL COTTON PACK @ 75 GRAM TRINORDIOL-28 Sunthi TABLET DUS, 2 BLISTER @ 28 TABLET SALUT GULA Tarik Barang Damaged | AL477: 46182
A478: AWBR-14025-2026-6-10 | B478: 11398423 | C478: Corporate B2B Bundle | D478: 260522040021418H2ovaumx4 | E478: STANDARD | F478: Apotek Inofarma Syahdan | G478: 6.28789e+17 | H478: Jl. K.H. Syahdan No. 02 RT 003 RW 011, Kel. Palmerah, Kec. Pal Merah, Kota Jakarta Barat | I478: ID | J478: PT Teknologi Medika Pratama (SwipeRx) (B2BR) | K478: 87733785699 | L478: Jl. Tugu Raya, Tugu, Kec. Cimanggis, Kota Depok, Jawa Barat 16451,KUBIK LOGISTICS - Kompleks Pergudangan,Gudang E1 | M478: ID | N478: Cimanggis | O478: Depok | P478: Jawa Barat | Q478: 16451 | R478: TMP-INV-2026/05/22/ 2774884 IMBOOST Soho TABLET DUS, 5 AMPLOP @ 1 STRIP @ 10 TABLET SALUT SELAPUT Tarik Barang Damaged | S478: 46183 | T478: 0.375 | U478: 0.91666667 | V478: Asia/Jakarta | W478: 1 | X478: TRUE | Y478: obat | Z478: FALSE | AB478: 1 | AC478: AWBR-14025-2026-6-10-01 | AD478: 0 | AE478: 1 | AF478: 46183 | AG478: 0.375 | AH478: 0.91666667 | AI478: Asia/Jakarta | AJ478: Pickup Return, wajib bawa form BA Return. Bilang ke Apotek “mau tarik barang”. Jika tidak ada barang, tulis keterangan “tidak ada barang retur” di form BA TMP-INV-2026/05/22/ 2774884 IMBOOST Soho TABLET DUS, 5 AMPLOP @ 1 STRIP @ 10 TABLET SALUT SELAPUT Tarik Barang Damaged | AL478: 46182
A479: AWBR-1695-2026-6-10 | B479: 11398423 | C479: Corporate B2B Bundle | D479: 25052904223636FepAEDAtK7 | E479: STANDARD | F479: Apotek K24 Pondok Kopi | G479: 82111559870 | H479: Jalan Pondok Kopi Raya No.7 RT 05 RW 10 Kelurahan Pondok Kopi Kecamatan Duren Sawit Jakarta Timur 13460 | I479: ID | J479: PT Teknologi Medika Pratama (SwipeRx) (B2BR) | K479: 87733785699 | L479: Jl. Tugu Raya, Tugu, Kec. Cimanggis, Kota Depok, Jawa Barat 16451,KUBIK LOGISTICS - Kompleks Pergudangan,Gudang E1 | M479: ID | N479: Cimanggis | O479: Depok | P479: Jawa Barat | Q479: 16451 | R479: TMP-INV-2025/05/30/ 1617061 CURVIT Soho SIRUP DUS, BOTOL KACA @ 120 ML Tarik Barang Retur | S479: 46183 | T479: 0.375 | U479: 0.91666667 | V479: Asia/Jakarta | W479: 1 | X479: TRUE | Y479: obat | Z479: FALSE | AB479: 1 | AC479: AWBR-1695-2026-6-10-01 | AD479: 0 | AE479: 1 | AF479: 46183 | AG479: 0.375 | AH479: 0.91666667 | AI479: Asia/Jakarta | AJ479: Pickup Return, wajib bawa form BA Return. Bilang ke Apotek “mau tarik barang”. Jika tidak ada barang, tulis keterangan “tidak ada barang retur” di form BA TMP-INV-2025/05/30/ 1617061 CURVIT Soho SIRUP DUS, BOTOL KACA @ 120 ML Tarik Barang Retur | AL479: 46182
A480: AWBR-699-2026-6-10 | B480: 11398423 | C480: Corporate B2B Bundle | D480: 26050703225619lHl9ovVxyH | E480: STANDARD | F480: Apotek Kessy | G480: 81316511464 | H480: Jalan Margahayu Raya Blok C No.85 RT.004 RW.015 Kelurahan Margahayu, Kecamatan Bekasi Timur, Kota Bekasi 17113 | I480: ID | J480: PT Teknologi Medika Pratama (SwipeRx) (B2BR) | K480: 87733785699 | L480: Jl. Tugu Raya, Tugu, Kec. Cimanggis, Kota Depok, Jawa Barat 16451,KUBIK LOGISTICS - Kompleks Pergudangan,Gudang E1 | M480: ID | N480: Cimanggis | O480: Depok | P480: Jawa Barat | Q480: 16451 | R480: TMP-INV-2026/05/07/ 2718749 SUTRA LUBRICANT DKT TUBE, 50 ML Tarik Barang Retur | S480: 46183 | T480: 0.375 | U480: 0.91666667 | V480: Asia/Jakarta | W480: 1 | X480: TRUE | Y480: obat | Z480: FALSE | AB480: 1 | AC480: AWBR-699-2026-6-10-01 | AD480: 0 | AE480: 1 | AF480: 46183 | AG480: 0.375 | AH480: 0.91666667 | AI480: Asia/Jakarta | AJ480: Pickup Return, wajib bawa form BA Return. Bilang ke Apotek “mau tarik barang”. Jika tidak ada barang, tulis keterangan “tidak ada barang retur” di form BA TMP-INV-2026/05/07/ 2718749 SUTRA LUBRICANT DKT TUBE, 50 ML Tarik Barang Retur | AL480: 46182
A481: AWBR-1725-2026-6-10 | B481: 11398423 | C481: Corporate B2B Bundle | D481: 26050907582633k8LQVdWyM | E481: STANDARD | F481: Apotek Makmur Sehat | G481: 81354877771 | H481: Jalan Raya Pondok Petir No. 38 RT. 004/005 Kelurahan Pondok Petir Kecamatan Bojongsari Kota Depok 16516 | I481: ID | J481: PT Teknologi Medika Pratama (SwipeRx) (B2BR) | K481: 87733785699 | L481: Jl. Tugu Raya, Tugu, Kec. Cimanggis, Kota Depok, Jawa Barat 16451,KUBIK LOGISTICS - Kompleks Pergudangan,Gudang E1 | M481: ID | N481: Cimanggis | O481: Depok | P481: Jawa Barat | Q481: 16451 | R481: TMP-INV-2026/05/10/ 2729745 DEXTAMINE Phapros SIRUP DUS, BOTOL 60 ML Tarik Barang Retur | S481: 46183 | T481: 0.375 | U481: 0.91666667 | V481: Asia/Jakarta | W481: 1 | X481: TRUE | Y481: obat | Z481: FALSE | AB481: 1 | AC481: AWBR-1725-2026-6-10-01 | AD481: 0 | AE481: 1 | AF481: 46183 | AG481: 0.375 | AH481: 0.91666667 | AI481: Asia/Jakarta | AJ481: Pickup Return, wajib bawa form BA Return. Bilang ke Apotek “mau tarik barang”. Jika tidak ada barang, tulis keterangan “tidak ada barang retur” di form BA TMP-INV-2026/05/10/ 2729745 DEXTAMINE Phapros SIRUP DUS, BOTOL 60 ML Tarik Barang Retur | AL481: 46182
A482: AWBR-13495-2026-6-10 | B482: 11398423 | C482: Corporate B2B Bundle | D482: 26052903571137TFcimbtF6M | E482: STANDARD | F482: Apotek Mandiri Farma Sampora Cisauk | G482: 6.28159e+16 | H482: Ruko Campton Blok A Nomor 6, BSD City, Desa/Kelurahan Sampora, Kec. Cisauk, Kab. Tangerang | I482: ID | J482: PT Teknologi Medika Pratama (SwipeRx) (B2BR) | K482: 87733785699 | L482: Jl. Tugu Raya, Tugu, Kec. Cimanggis, Kota Depok, Jawa Barat 16451,KUBIK LOGISTICS - Kompleks Pergudangan,Gudang E1 | M482: ID | N482: Cimanggis | O482: Depok | P482: Jawa Barat | Q482: 16451 | R482: TMP-INV-2026/05/29/ 2795937 TRINORDIOL-28 Sunthi TABLET DUS, 2 BLISTER @ 28 TABLET SALUT GULA Tarik Barang Retur | S482: 46183 | T482: 0.375 | U482: 0.91666667 | V482: Asia/Jakarta | W482: 1 | X482: TRUE | Y482: obat | Z482: FALSE | AB482: 1 | AC482: AWBR-13495-2026-6-10-01 | AD482: 0 | AE482: 1 | AF482: 46183 | AG482: 0.375 | AH482: 0.91666667 | AI482: Asia/Jakarta | AJ482: Pickup Return, wajib bawa form BA Return. Bilang ke Apotek “mau tarik barang”. Jika tidak ada barang, tulis keterangan “tidak ada barang retur” di form BA TMP-INV-2026/05/29/ 2795937 TRINORDIOL-28 Sunthi TABLET DUS, 2 BLISTER @ 28 TABLET SALUT GULA Tarik Barang Retur | AL482: 46182
... A597: AWBR-3315919847 | B597: 11398423 | C597: Corporate B2B Bundle | D597: 260605040708150eu4Nk5e2v | E597: STANDARD | F597: Klinik Pratama Kalya Lena Curug Gn Sindur | G597: 6.28822e+17 | H597: Klinik Pratama Rawat Inap Kalya Lena, Jl. Intan 1, RT. 001 RW. 001, Desa/Kel. Curug, Kec. Gunung Sindur, Kab. Bogor | I597: ID | J597: PT Teknologi Medika Pratama (SwipeRx) (B2BR) | K597: 87733785699 | L597: Jl. Tugu Raya, Tugu, Kec. Cimanggis, Kota Depok, Jawa Barat 16451,KUBIK LOGISTICS - Kompleks Pergudangan,Gudang E1 | M597: ID | N597: Cimanggis | O597: Depok | P597: Jawa barat | Q597: 16451 | R597: ALLETROL COMPOSITUM Erela SALEP MATA 3x ID124658-1 | S597: 46183 | T597: 0.375 | U597: 0.91666667 | V597: Asia/Jakarta | W597: 1 | X597: TRUE | Y597: OBAT | Z597: FALSE | AB597: 1 | AC597: AWBR-3315919847-01 | AD597: 0 | AE597: 1 | AF597: 46183 | AG597: 0.375 | AH597: 0.91666667 | AI597: Asia/Jakarta | AJ597: Pickup Return, wajib bawa form BA Return. Bilang ke Apotek “mau tarik barang”. Jika tidak ada barang, tulis keterangan “tidak ada barang retur” di form BA TMP-INV-2026/06/03/ 2813569 SUTRA Condom (MERAH) DUS, 24 CONDOM Tarik Barang Retur ALLETROL COMPOSITUM Erela SALEP MATA 3x ID124658-1 | AL597: 46182
A598: AWBR-3317147583 | B598: 11398423 | C598: Corporate B2B Bundle | D598: TMP-INV-2026/04/09/ 2618796 | E598: STANDARD | F598: Apotek Dunia Berkat | G598: 85921532156 | H598: Jl Kedoya Raya Pertokoan Cosmos Blok B No 26 RT 06 RW 07 Kel. Kedoya Utara Kec. Kebon Jeruk Jakarta Barat | I598: ID | J598: PT Teknologi Medika Pratama (SwipeRx) (B2BR) | K598: 87733785699 | L598: Jl. Tugu Raya, Tugu, Kec. Cimanggis, Kota Depok, Jawa Barat 16451,KUBIK LOGISTICS - Kompleks Pergudangan,Gudang E1 | M598: ID | N598: Cimanggis | O598: Depok | P598: Jawa barat | Q598: 16451 | R598: Invoice: TMP-INV-2026/04/09/ 2618796 6x HANSAPLAST SALEP LUKA Beiersdorf Tarik Barang Retur | S598: 46184 | T598: 0.375 | U598: 0.91666667 | V598: Asia/Jakarta | W598: 1 | X598: TRUE | Y598: OBAT | Z598: FALSE | AB598: 1 | AC598: AWBR-3317147583-01 | AD598: 0 | AE598: 1 | AF598: 46184 | AG598: 0.375 | AH598: 0.91666667 | AI598: Asia/Jakarta | AJ598: Pickup Return, wajib bawa form BA Return. Bilang ke Apotek “mau tarik barang”. Jika tidak ada barang, tulis keterangan “tidak ada barang retur” di form BA Invoice: TMP-INV-2026/04/09/ 2618796 6x HANSAPLAST SALEP LUKA Beiersdorf Tarik Barang Retur
A599: AWBR-3317766260 | B599: 11398423 | C599: Corporate B2B Bundle | D599: TMP-INV-2026/06/08/ 2832173 | E599: STANDARD | F599: Apotek Adinda | G599: 81380008951 | H599: Jalan Mayor Oking B/3A Pasar Proyek, Kelurahan Margahayu, Kecamatan Bekasi Timur 17113 | I599: ID | J599: PT Teknologi Medika Pratama (SwipeRx) (B2BR) | K599: 87733785699 | L599: Jl. Tugu Raya, Tugu, Kec. Cimanggis, Kota Depok, Jawa Barat 16451,KUBIK LOGISTICS - Kompleks Pergudangan,Gudang E1 | M599: ID | N599: Cimanggis | O599: Depok | P599: Jawa barat | Q599: 16451 | R599: Invoice: TMP-INV-2026/06/08/ 2832173 1x CATAFLAM D Novartis TABLET DISPERSIBLE Tarik Barang Retur | S599: 46184 | T599: 0.375 | U599: 0.91666667 | V599: Asia/Jakarta | W599: 1 | X599: TRUE | Y599: OBAT | Z599: FALSE | AB599: 1 | AC599: AWBR-3317766260-01 | AD599: 0 | AE599: 1 | AF599: 46184 | AG599: 0.375 | AH599: 0.91666667 | AI599: Asia/Jakarta | AJ599: Pickup Return, wajib bawa form BA Return. Bilang ke Apotek “mau tarik barang”. Jika tidak ada barang, tulis keterangan “tidak ada barang retur” di form BA Invoice: TMP-INV-2026/06/08/ 2832173 1x CATAFLAM D Novartis TABLET DISPERSIBLE Tarik Barang Retur
A600: AWBR-3317744859 | B600: 11398423 | C600: Corporate B2B Bundle | D600: TMP-INV-2026/06/06/ 2824913 | E600: STANDARD | F600: Apotek Adinda | G600: 81380008951 | H600: Jalan Mayor Oking B/3A Pasar Proyek, Kelurahan Margahayu, Kecamatan Bekasi Timur 17113 | I600: ID | J600: PT Teknologi Medika Pratama (SwipeRx) (B2BR) | K600: 87733785699 | L600: Jl. Tugu Raya, Tugu, Kec. Cimanggis, Kota Depok, Jawa Barat 16451,KUBIK LOGISTICS - Kompleks Pergudangan,Gudang E1 | M600: ID | N600: Cimanggis | O600: Depok | P600: Jawa barat | Q600: 16451 | R600: Invoice: TMP-INV-2026/06/06/ 2824913 2x ENERVON GOLD Darya-Varia KAPSUL Tarik Barang Retur | S600: 46184 | T600: 0.375 | U600: 0.91666667 | V600: Asia/Jakarta | W600: 1 | X600: TRUE | Y600: OBAT | Z600: FALSE | AB600: 1 | AC600: AWBR-3317744859-01 | AD600: 0 | AE600: 1 | AF600: 46184 | AG600: 0.375 | AH600: 0.91666667 | AI600: Asia/Jakarta | AJ600: Pickup Return, wajib bawa form BA Return. Bilang ke Apotek “mau tarik barang”. Jika tidak ada barang, tulis keterangan “tidak ada barang retur” di form BA Invoice: TMP-INV-2026/06/06/ 2824913 2x ENERVON GOLD Darya-Varia KAPSUL Tarik Barang Retur
A601: AWBR-3317344094 | B601: 11398423 | C601: Corporate B2B Bundle | D601: TMP-INV-2026/06/09/ 2834789 | E601: STANDARD | F601: Apotek Smapy Farma | G601: 81310108560 | H601: Ruko Taman Cemara U5 No. 2 Harapan Indah, Kelurahan Pusaka Rakyat, Kecamatan Tarumajaya, Kabupaten Bekasi, Jawa Barat 17132 | I601: ID | J601: PT Teknologi Medika Pratama (SwipeRx) (B2BR) | K601: 87733785699 | L601: Jl. Tugu Raya, Tugu, Kec. Cimanggis, Kota Depok, Jawa Barat 16451,KUBIK LOGISTICS - Kompleks Pergudangan,Gudang E1 | M601: ID | N601: Cimanggis | O601: Depok | P601: Jawa barat | Q601: 16451 | R601: Invoice: TMP-INV-2026/06/09/ 2834789 2x CATAFLAM Novartis TABLET 25 MG Tarik Barang Retur | S601: 46184 | T601: 0.375 | U601: 0.91666667 | V601: Asia/Jakarta | W601: 1 | X601: TRUE | Y601: OBAT | Z601: FALSE | AB601: 1 | AC601: AWBR-3317344094-01 | AD601: 0 | AE601: 1 | AF601: 46184 | AG601: 0.375 | AH601: 0.91666667 | AI601: Asia/Jakarta | AJ601: Pickup Return, wajib bawa form BA Return. Bilang ke Apotek “mau tarik barang”. Jika tidak ada barang, tulis keterangan “tidak ada barang retur” di form BA Invoice: TMP-INV-2026/06/09/ 2834789 2x CATAFLAM Novartis TABLET 25 MG Tarik Barang Retur
A602: AWBR-3317160575 | B602: 11398423 | C602: Corporate B2B Bundle | D602: TMP-INV-2026/05/15/ 2749386 | E602: STANDARD | F602: Apotek Alvin Farma | G602: 81386012303 | H602: Jalan Boulevard Raya Blok LB1 No. 20, Kelurahan Kelapa Gading Barat Kecamatan Kelapa Gading, Jakarta Utara, DKI Jakarta 14240 | I602: ID | J602: PT Teknologi Medika Pratama (SwipeRx) (B2BR) | K602: 87733785699 | L602: Jl. Tugu Raya, Tugu, Kec. Cimanggis, Kota Depok, Jawa Barat 16451,KUBIK LOGISTICS - Kompleks Pergudangan,Gudang E1 | M602: ID | N602: Cimanggis | O602: Depok | P602: Jawa barat | Q602: 16451 | R602: Invoice: TMP-INV-2026/05/15/ 2749386 1x KENSHIN Midix KAPLET Tarik Barang Retur | S602: 46184 | T602: 0.375 | U602: 0.91666667 | V602: Asia/Jakarta | W602: 1 | X602: TRUE | Y602: OBAT | Z602: FALSE | AB602: 1 | AC602: AWBR-3317160575-01 | AD602: 0 | AE602: 1 | AF602: 46184 | AG602: 0.375 | AH602: 0.91666667 | AI602: Asia/Jakarta | AJ602: Pickup Return, wajib bawa form BA Return. Bilang ke Apotek “mau tarik barang”. Jika tidak ada barang, tulis keterangan “tidak ada barang retur” di form BA Invoice: TMP-INV-2026/05/15/ 2749386 1x KENSHIN Midix KAPLET Tarik Barang Retur
A603: AWBR-3317749424 | B603: 11398423 | C603: Corporate B2B Bundle | D603: TMP-INV-2026/04/18/ 2652515 | E603: STANDARD | F603: Apotek 3 Plus Care | G603: 81287727501 | H603: Green Lake City Rukan Crown Blok I No. 19 Kelurahan Petir, Kecamatan Cipondoh, Kota Tangerang 15147 | I603: ID | J603: PT Teknologi Medika Pratama (SwipeRx) (B2BR) | K603: 87733785699 | L603: Jl. Tugu Raya, Tugu, Kec. Cimanggis, Kota Depok, Jawa Barat 16451,KUBIK LOGISTICS - Kompleks Pergudangan,Gudang E1 | M603: ID | N603: Cimanggis | O603: Depok | P603: Jawa barat | Q603: 16451 | R603: Invoice: TMP-INV-2026/04/18/ 2652515 1x POLIDENT DENTURE ADHESIVE FRESH MINT GSK KRIM Tarik Barang Retur | S603: 46184 | T603: 0.375 | U603: 0.91666667 | V603: Asia/Jakarta | W603: 1 | X603: TRUE | Y603: OBAT | Z603: FALSE | AB603: 1 | AC603: AWBR-3317749424-01 | AD603: 0 | AE603: 1 | AF603: 46184 | AG603: 0.375 | AH603: 0.91666667 | AI603: Asia/Jakarta | AJ603: Pickup Return, wajib bawa form BA Return. Bilang ke Apotek “mau tarik barang”. Jika tidak ada barang, tulis keterangan “tidak ada barang retur” di form BA Invoice: TMP-INV-2026/04/18/ 2652515 1x POLIDENT DENTURE ADHESIVE FRESH MINT GSK KRIM Tarik Barang Retur
A604: AWBR-3317078230 | B604: 11398423 | C604: Corporate B2B Bundle | D604: TMP-INV-2026/06/05/ 2820333 | E604: STANDARD | F604: Apotek Amandara | G604: 8121925699 | H604: Jalan Siliwangi No.3 Kelurahan Depok, Kecamatan Pancoranmas, Kota Depok 16431 | I604: ID | J604: PT Teknologi Medika Pratama (SwipeRx) (B2BR) | K604: 87733785699 | L604: Jl. Tugu Raya, Tugu, Kec. Cimanggis, Kota Depok, Jawa Barat 16451,KUBIK LOGISTICS - Kompleks Pergudangan,Gudang E1 | M604: ID | N604: Cimanggis | O604: Depok | P604: Jawa barat | Q604: 16451 | R604: Invoice: TMP-INV-2026/06/05/ 2820333 1x MINYAK ANGIN CAP KAPAK Yahi Utama 1x MINYAK ANGIN CAP KAPAK Yahi Utama Tarik Barang Retur | S604: 46184 | T604: 0.375 | U604: 0.91666667 | V604: Asia/Jakarta | W604: 1 | X604: TRUE | Y604: OBAT | Z604: FALSE | AB604: 1 | AC604: AWBR-3317078230-01 | AD604: 0 | AE604: 1 | AF604: 46184 | AG604: 0.375 | AH604: 0.91666667 | AI604: Asia/Jakarta | AJ604: Pickup Return, wajib bawa form BA Return. Bilang ke Apotek “mau tarik barang”. Jika tidak ada barang, tulis keterangan “tidak ada barang retur” di form BA Invoice: TMP-INV-2026/06/05/ 2820333 1x MINYAK ANGIN CAP KAPAK Yahi Utama 1x MINYAK ANGIN CAP KAPAK Yahi Utama Tarik Barang Retur
A605: AWBR-3317757856 | B605: 11398423 | C605: Corporate B2B Bundle | D605: TMP-INV-2026/06/09/ 2834894 | E605: STANDARD | F605: Apotek Junia | G605: 81285996785 | H605: Jalan Pertanian Raya No.8 B RT.004 RW.004 Kelurahan Cipayung Jaya, Kecamatan Cipayung, Kota Depok 16437 | I605: ID | J605: PT Teknologi Medika Pratama (SwipeRx) (B2BR) | K605: 87733785699 | L605: Jl. Tugu Raya, Tugu, Kec. Cimanggis, Kota Depok, Jawa Barat 16451,KUBIK LOGISTICS - Kompleks Pergudangan,Gudang E1 | M605: ID | N605: Cimanggis | O605: Depok | P605: Jawa barat | Q605: 16451 | R605: Invoice: TMP-INV-2026/06/09/ 2834894 2x NEW DIATABS Medifarma TABLET 600 MG 2x SANMOL FORTE Sanbe SIRUP 250 MG/5 ML 1x EPEXOL Sanbe SIRUP 15 MG/5 ML 0x PECTORIN Itrasal SIRUP Tarik Barang Retur | S605: 46184 | T605: 0.375 | U605: 0.91666667 | V605: Asia/Jakarta | W605: 1 | X605: TRUE | Y605: OBAT | Z605: FALSE | AB605: 1 | AC605: AWBR-3317757856-01 | AD605: 0 | AE605: 1 | AF605: 46184 | AG605: 0.375 | AH605: 0.91666667 | AI605: Asia/Jakarta | AJ605: Pickup Return, wajib bawa form BA Return. Bilang ke Apotek “mau tarik barang”. Jika tidak ada barang, tulis keterangan “tidak ada barang retur” di form BA Invoice: TMP-INV-2026/06/09/ 2834894 2x NEW DIATABS Medifarma TABLET 600 MG 2x SANMOL FORTE Sanbe SIRUP 250 MG/5 ML 1x EPEXOL Sanbe SIRUP 15 MG/5 ML 0x PECTORIN Itrasal SIRUP Tarik Barang Retur
A606: AWBR-3317124676 | B606: 11398423 | C606: Corporate B2B Bundle | D606: TMP-INV-2026/05/01/ 2697058 | E606: STANDARD | F606: Apotek Fit | G606: 8129407857 | H606: Jalan Arteri Juraganan No. 34 RT. 004 RW. 008 Kelurahan Grogol Utara, Kecamatan Kebayoran Lama, Kota Jakarta Selatan 12210 | I606: ID | J606: PT Teknologi Medika Pratama (SwipeRx) (B2BR) | K606: 87733785699 | L606: Jl. Tugu Raya, Tugu, Kec. Cimanggis, Kota Depok, Jawa Barat 16451,KUBIK LOGISTICS - Kompleks Pergudangan,Gudang E1 | M606: ID | N606: Cimanggis | O606: Depok | P606: Jawa barat | Q606: 16451 | R606: Invoice: TMP-INV-2026/05/01/ 2697058 1x ONEMED ISOPORE SURGICAL TAPE Jayamas Medica Tarik Barang Retur | S606: 46184 | T606: 0.375 | U606: 0.91666667 | V606: Asia/Jakarta | W606: 1 | X606: TRUE | Y606: OBAT | Z606: FALSE | AB606: 1 | AC606: AWBR-3317124676-01 | AD606: 0 | AE606: 1 | AF606: 46184 | AG606: 0.375 | AH606: 0.91666667 | AI606: Asia/Jakarta | AJ606: Pickup Return, wajib bawa form BA Return. Bilang ke Apotek “mau tarik barang”. Jika tidak ada barang, tulis keterangan “tidak ada barang retur” di form BA Invoice: TMP-INV-2026/05/01/ 2697058 1x ONEMED ISOPORE SURGICAL TAPE Jayamas Medica Tarik Barang Retur
...

Sheet Pivot Table 1

Sheet Pending Pickup
A1: Tracking ID | B1: Nama Apotek | C1: No telp Apotek | D1: Alamat Apotek | E1: No Faktur | F1: Pickup Instruction | G1: Order Creation | H1: Inbound Date | I1: Completed Date | J1: Status | K1: Remarks tim FM | M1: City | N1: Province | O1: Area | S1: COUNTA of Tracking ID | T1: Order Creation
A2: AWBR-17160-2026-4-24-01 | B2: Apotek Jonathan Sukarame Sukarame | C2: =+6282281904329 -> 6282281904329 | D2: Jl. Karimun Jawa Blok C No.6 Kel. Sukarame Kec. Sukarame Kota Bandar Lampung | E2: 26032517134675jMJFzUcwlD | F2: RENOVIT GOLD Konimex KAPLET DUS, 25 CATCH COVER @ 1 STRIP @ 4 KAPLET SALUT SELAPUT -Tarik Barang Retur - wajib bawa BA retur | G2: 46138 | J2: Cancelled | M2: =GET_LOCATION(D2,"city") -> Kota Bandar Lampung | N2: =GET_LOCATION(D2,"province") -> Lampung | O2: =VLOOKUP(M2,'Mapping Area'!A:C,3,0) -> #N/A | S2: Status | T2: 46180 | U2: 46182 | V2: 46183 | W2: 46184 | X2: 46185 | Y2: 46186 | Z2: 46188 | AA2: Grand Total
A3: AWBR-10608-2026-4-27-01 | B3: Apotek Dayu Tunggorono Jombang | C3: =+6285881133907 -> 6285881133907 | D3: Jalan Mayjen Sungkono No. 12, Desa/Kelurahan Tunggorono, Kecamatan Jombang, Kabupaten Jombang, Jawa Timur 61419 | E3: 26042402354067Wq97J4YybZ | F3: SGM ANANDA GAIN 100 Sarihusada - Tarik barang retur - Wajib Bawa BA retur | G3: 46140 | H3: 46163 | I3: 46165 | J3: Completed | S3: Arrived at Sorting Hub | V3: 3 | X3: 1 | Y3: 2 | Z3: 1 | AA3: 7
A4: AWBR-12839-2026-4-28-01 | B4: Apotek Ninda Farma Sirnajaya Serang Baru | C4: =+6285888841288 -> 6285888841288 | D4: Kp Cilangkara RT/RW 007/004 Desa Sirnajaya Kec. Serang Baru Kabupaten Bekasi | E4: 26042312050185UKAhj736c | F4: TRINORDIOL-28 Sunthi TABLET DUS, 2 BLISTER @ 28 TABLET SALUT GULA Tarik Barang Retur Wajib Bawa BA Retur | G4: 46140 | H4: 46166 | I4: 46166 | J4: Completed | S4: Cancelled | V4: 7 | W4: 1 | AA4: 8
A5: AWBR-12478-2026-4-28-01 | B5: Apotek Inofarma Asmawi Beji Beji | C5: =+6282266622264 -> 6282266622264 | D5: Jl. Haji Asmawi No.62A RT 004 RW 005 Kel. Beji Kec. Beji Kota Depok | E5: 26042403293758ZgkhbjiVk | F5: DIPROGENTA Organon SALEP DUS, TUBE @ 10 G Tarik Barang Retur Wajib Bawa BA Retur | G5: 46140 | H5: 46180 | I5: 46182 | J5: Completed | S5: Completed | T5: 14 | U5: 18 | V5: 227 | W5: 74 | X5: 58 | Y5: 33 | Z5: 16 | AA5: 440
A6: AWBR-6702-2026-4-28-01 | B6: Apotek Rejeki 6702 | C6: =+6281222221342 -> 6281222221342 | D6: Perum Ruko Perumahan Imanan Residence Blok A No.6 RT 005 RW 02 Desa Serang Kec. Cikarang Selatan Kab. Bekasi 17530 | E6: 26042603050491W0Zjm1cqxT | F6: CALADINE BABY LIQUID SOAP WITH ANTI IRRITANT Galenium BOTOL, 200 ML Tarik Barang Retur Wajib Bawa BA Retur | G6: 46140 | H6: 46179 | I6: 46180 | J6: Completed | S6: On Hold | V6: 4 | X6: 1 | AA6: 5
A7: AWBR-6702-2026-4-30-01 | B7: Apotek Rejeki 6702 | C7: =+6281222221342 -> 6281222221342 | D7: Perum Ruko Perumahan Imanan Residence Blok A No.6 RT 005 RW 02 Desa Serang Kec. Cikarang Selatan Kab. Bekasi 17530 | E7: 260319014933855Fxmui8w1 | F7: TMP-INV-2026/03/19/ 2551381 HUFAGRIPP FLU dan BATUK Gratia SUSPENSI DUS, 1 BOTOL @ 60 ML LACOLDIN Lapi SIRUP DUS, 1 BOTOL @ 60 ML LAPIFED Lapi SIRUP DUS, 1 BOTOL @ 60 ML Tarik Barang Retur & Tarik Barang Damage / wajib bawa BA retur | G7: 46141 | H7: 46179 | I7: 46180 | J7: Completed | S7: Grand Total | T7: 14 | U7: 18 | V7: 241 | W7: 75 | X7: 60 | Y7: 35 | Z7: 17 | AA7: 460
A8: AWBR-12013-2026-4-29-01 | B8: Apotek K24 Cinere Cinere Cinere | C8: =+6285265442622 -> 6285265442622 | D8: Jalan Cinere Raya, Desa/Kelurahan Cinere,Kecamatan Cinere, Kota Depok,Jawa Barat,16514 | E8: 26032605202031Co34llD0hn | F8: LIPOSIN Prima Medika SALEP DUS, 1 TUBE @ 10 G Tarik Barang Damaged / wajib bawa BA retur | G8: 46141 | H8: 46180 | I8: 46182 | J8: Completed
A9: AWBR-10720-2026-4-29-01 | B9: Apotek K24 Sukasari Sukasari Serang Baru | C9: =+6281776481573 -> 6281776481573 | D9: Ruko Serang-Cibarusah No. 3 Jl. Raya Serang Cibarusah Kp. Pasar Randu, Kel. Sukasari Kec. Serang Baru Kab. Bekasi 17330 | E9: 26031103015717lzHpXz5sVb | F9: EPEXOL Sanbe SIRUP 15 MG/5 ML DUS, 1 BOTOL @ 120 ML LERZIN Ifars DROPS DUS, 1 BOTOL @ 15 ML Tarik Barang Damaged / wajib bawa BA retur | G9: 46141 | H9: 46179 | I9: 46180 | J9: Completed
A10: AWBR-17026-2026-4-29-01 | B10: Apotek Qta Farma Jatinunggal Pawenang | C10: =+6283173217844 -> 6283173217844 | D10: Dusun Sukahurip RT 001 RW 005 , Kel. Pawenang, Kec. Jatinunggal, Kab. Sumedang | E10: 26031701023459JO2QQm4E81 | F10: FARSIFEN FORTE Ifars SUSPENSI DUS, 1 BOTOL @ 60 ML / ITAMOL Bmf SIRUP DUS, 1 BOTOL PLASTIK @ 60 ML / PECTORIN Itrasal SIRUP DUS, 1 BOTOL @ 120 ML /SUCRALFATE Dexa Medica SUSPENSI BOTOL PLASTIK 100 ML Tarik Barang Damaged / wajib bawa BA retur | G10: 46141 | H10: 46180 | I10: 46181 | J10: Completed
A11: AWBR-10645-2026-4-22-01 | B11: Apotek Habiby Muktiwari Cibitung | C11: =+6285842895083 -> 6285842895083 | D11: Perumahan Permata Muktiwari Residence Blok A1 No. 05 Desa/Kelurahan Muktiwari, Kecamatan Cibitung, Kabupaten Bekasi, Jawa Barat 17519 | E11: 26041516304160yNDdqvj7ZM | F11: TMP-INV-2026/04/16/ 2642229ETORICOXIB Interbat TABLET 90 MG DUS, 3 STRIP @ 10 TABLET SALUT SELAPUTTarik Barang Retur | G11: 46146 | H11: 46166 | I11: 46166 | J11: Completed
A12: AWBR-11437-2026-4-22-01 | B12: Apotek Berlian Farma Rasamala Bakti Jaya Sukmajaya | C12: =+6285374101944 -> 6285374101944 | D12: Jl. Rasamala Raya No. 423 Kel. Baktijaya Kec. Sukmajaya Kota Depok 16418 | E12: 26040703362888orT7BEepo | F12: TMP-INV-2026/04/07/ 2611993MINYAK ANGIN CAP KAPAK Yahi Utama DUS, 12 BOTOL KACA @ 28 MLTarik Barang Retur | G12: 46146 | H12: 46163 | I12: 46164 | J12: Completed
A13: AWBR-334-2026-4-22-01 | B13: Apotek Merapi | C13: 2177833109 | D13: Jalan Kejayaan Blok X No. 9 RT 006/ RW 012 Kelurahan Abadijaya, Kecamatan Sukmajaya Kota Depok 16417 | E13: 26040503513880l4vMvC2w3 | F13: TMP-INV-2026/04/05/ 2603566ATORVASTATIN CALCIUM Hexpharm TABLET 10 MG DUS, 5 BLISTER @ 10 TABLET SALUT SELAPUTTarik Barang Retur | G13: 46146 | H13: 46170 | I13: 46171 | J13: Completed | S13: Area | T13: COUNTA of Tracking ID
A14: AWBR-3992-2026-4-22-01 | B14: Apotek Ar Razaaq | C14: =+6285710003495 -> 6285710003495 | D14: Ruko Villa Wanasari Jalan Bosih Raya Desa Wanasari Kecamatan Cibitung Kabupaten Bekasi 17520 | E14: 26040604372767jcfthTOP | F14: TMP-INV-2026/04/07/ 2610263BETASON Kimia Farma KRIM DUS, 24 DUS @ 1 TUBE @ 5 GRAM KOOLFEVER UNTUK BAYI DUS, 12 SACHET @ 1 LEMBARTarik Barang Retur | G14: 46146 | H14: 46179 | I14: 46179 | J14: Completed | S14: EJ | T14: 1
A15: AWBR-15825-2026-4-25-01 | B15: Apotek MMK24 Abadi Jaya Sukmajaya | C15: =+6281252592024 -> 6281252592024 | D15: Jl. Kejayaan Blok 10 No. 10, Desa/Kelurahan Abadi Jaya, Kec.Sukmajaya, Kota Depok, | E15: 251105054313146VUv03RgXN | F15: TMP-INV-2025/11/06/ 2097981REDOXON FORTIMUN Bayer TABLET EFFERVESCENT DUS, TUBE @ 10 TABLET EFFERVESCENTTarik Barang Retur | G15: 46146 | H15: 46180 | I15: 46182 | J15: Completed | S15: Grand Total | T15: 1
A16: AWBR-12159-2026-4-25-01 | B16: Apotek Pharmasena Cinere Cinere | C16: =+6282260047002 -> 6282260047002 | D16: Jl. Bukit Cinere No.5E RT/RW.001/008, Desa/Kel. Cinere, Kec. Cinere, Kota Depok | E16: 25022408432111Dc2tT0bG7a | F16: TMP-INV-2025/02/25/ 1380838IMBOOST KIDS Soho SIRUP DUS, BOTOL KACA @ 120 ML SANGOBION BABY Merck CAIRAN ORAL DUS, BOTOL KACA @ 30 ML ALOCLAIR PLUS MOUTHWASH Enseval OBAT KUMUR BOTOL 60 MLTarik Barang Retur | G16: 46146 | H16: 46180 | I16: 46182 | J16: Completed
A17: AWBR-17267-2026-4-25-01 | B17: Apotek Prisma Farma Jatiwangi Cikarang Barat | C17: =+6285882293179 -> 6285882293179 | D17: Kampung Cibarengkong RT 002 RW 002 Desa Jatiwangi Kecamatan Cikarang Barat Kabupaten Bekasi | E17: 26040706080761QvCmuuUtmQ | F17: TMP-INV-2026/04/08/ 2614456TRINORDIOL-28 Sunthi TABLET DUS, 2 BLISTER @ 28 TABLET SALUT GULATarik Barang Retur | G17: 46147 | H17: 46182 | I17: 46183 | J17: Completed
A18: AWBR-13267-2026-4-24-01 | B18: Apotek Sehat Milenial Sukamaju Baru Tapos | C18: =+6289620265220 -> 6289620265220 | D18: Ruko De���Khirani Village 2 T5, Kp. Sindangkarsa RT. 004 RW.006,Desa/Kelurahan Sukamaju Baru,Kecamatan Tapos,Kota Depok,Jawa Barat, | E18: 250910004336181695hzhlE | F18: TMP-INV-2025/09/10/ 1916397FIESTA INTIM COOL Dkt GEL DUS, TUBE 70 MLTarik Barang Retur | G18: 46147 | H18: 46153 | I18: 46154 | J18: Completed | K18: -
A19: AWBR-15825-2026-4-24-01 | B19: Apotek MMK24 Abadi Jaya Sukmajaya | C19: =+6281252592024 -> 6281252592024 | D19: Jl. Kejayaan Blok 10 No. 10, Desa/Kelurahan Abadi Jaya, Kec.Sukmajaya, Kota Depok, | E19: 25110404205461GN7qe8ABk | F19: TMP-INV-2025/11/05/ 2094477REDOXON FORTIMUN Bayer TABLET EFFERVESCENT DUS, TUBE @ 10 TABLET EFFERVESCENTTarik Barang Retur | G19: 46147 | H19: 46180 | I19: 46182 | J19: Completed
A20: AWBR-13718-2026-4-24-01 | B20: Apotek Kejayaan Abadijaya Sukmajaya | C20: =+6281281385101 -> 6281281385101 | D20: Jl. Kejayaan No. 1 RT. 001 RW. 008,Desa/Kelurahan Abadijaya,Kecamatan Sukmajaya,Kota Depok,Jawa Barat,16417 | E20: 260421125257368N2dPSudq | F20: TMP-INV-2026/04/22/ 2666502BROCHIFAR PLUS Ifars KAPLET DUS, 10 AMPLOP @ 1 STRIP @ 10 KAPLET TUZALOS Sanbe KAPLET DUS, 25 CATCH COVER @ 1 STRIP @ 4 KAPLETTarik Barang Retur | G20: 46147 | H20: 46163 | I20: 46164 | J20: Completed
A21: AWBR-15525-2026-4-24-01 | B21: Apotek Universitas Pelita Harapan Bencongan Indah Kelapa Dua | C21: =+6282341638251 -> 6282341638251 | D21: Gedung GBFK, Lantai G, Universitas Pelita Harapan, Jl. Boulevard Jend. Sudirman No. 20 Desa/Kel. Bencongan Kec. Kelapa Dua Kabupaten Tangerang | E21: 2604170024544043v1EoP3 | F21: TMP-INV-2026/04/17/ 2648056LIFREE POPOK PEREKAT UK. L PLASTIK @ 7 PCSTarik Barang Retur | G21: 46147 | H21: 46157 | I21: 46158 | J21: Completed | K21: -
A22: AWBR-12527-2026-4-24-01 | B22: Apotek Kembar Jaya Farma Jayasampurna Serang Baru | C22: =+6285819228710 -> 6285819228710 | D22: Kp Pagadungan RT 03 RW 04 Desa Jayasampurna Kec. Serang Baru Kab. Bekasi | E22: 26042003380460KYrLrNU4E4 | F22: TMP-INV-2026/04/20/ 2657208COMBIVENT UDV Tunggal Idaman CAIRAN INHALASI DUS, 20 VIAL @ 2,5 MLTarik Barang Retur | G22: 46147 | H22: 46179 | I22: 46180 | J22: Completed
A23: AWBR-12377-2026-4-24-01 | B23: Apotek Bintang Sehat Sukaragam Serang Baru | C23: =+6281250004669 -> 6281250004669 | D23: Perum Mega Regency Blok H1 No. 30 Desa Sukaragam Kec. Serang Baru Kab. Bekasi | E23: 26042002141604e15pNv5Lp6 | F23: TMP-INV-2026/04/20/ 2656989FARSIFEN FORTE Ifars SUSPENSI DUS, 1 BOTOL @ 60 ML / MEZINEX EXPECTORANT Ifars SIRUP DUS, 1 BOTOL @ 60 MLTarik Barang Retur | G23: 46147 | H23: 46179 | I23: 46179 | J23: Completed
A24: AWBR-1043-202-4-22-01 | B24: Apotek Agrata | C24: =+6287808713439 -> 6287808713439 | D24: Kampung Ciakar RT 002 RW 004 Desa Cicalengka Kecamatan Pagedangan Kabupaten Tangerang 15336 | E24: 26040108511968kPnAh8mMCb | F24: TMP-INV-2026/04/02/ 2593356CURCUMA FORCE Soho TABLET DUS, 10 BLISTER @ 12 TABLET SALUT SELAPUTTarik Barang Retur / wajib bawa BA retur | G24: 46150 | H24: 46153 | I24: 46155 | J24: Completed | K24: -
A25: ='DE ( Tarik barang retur )'!AC2 -> AWBR-10859-2026-4-17-01 | B25: ='DE ( Tarik barang retur )'!F2 -> Apotek Citayam Farma Bojong Pondok Terong Cipayung | C25: ='DE ( Tarik barang retur )'!G2 -> 6.28517e+17 | D25: ='DE ( Tarik barang retur )'!H2 -> Jl. Raya Cipayung No.1, RT.03/RW10, Desa/Kel. Bojong Pondok Terong, Kec. Cipayung, Kota Depok 16436 | E25: ='DE ( Tarik barang retur )'!D2 -> 26033013582985PgyfIVBK | F25: ='DE ( Tarik barang retur )'!R2 -> TMP-INV-2026/03/31/ 2586421SGM EKSPLOR GAIN OPTIGROW Sarihusada DUS, ALUMUNIUM FOIL @ 400 GTarik Barang Retur & Wajib bawa BA retur | G25: ='DE ( Tarik barang retur )'!AF2 -> 46153 | H25: 46153 | I25: 46154 | J25: Completed | K25: -
A26: ='DE ( Tarik barang retur )'!AC3 -> AWBR-4606-2026-5-11-1-01 | B26: ='DE ( Tarik barang retur )'!F3 -> Apotek Singojuruh | C26: ='DE ( Tarik barang retur )'!G3 -> 6.2853e+16 | D26: ='DE ( Tarik barang retur )'!H3 -> Jl Aruji Kartawinata 02/02 Kel.Singojuruh Kec.Singojuruh Kab.Banyuwangi Jawa Timur 68464 | E26: ='DE ( Tarik barang retur )'!D3 -> 25012410200620NHRbykaYKC | F26: ='DE ( Tarik barang retur )'!R3 -> TMP-INV-2025/01/25/ 1305668 - CURVIT Soho SIRUP - Tarik Barang Retur | G26: ='DE ( Tarik barang retur )'!AF3 -> 46155 | H26: 46157 | I26: 46157 | J26: Completed | K26: -
A27: ='DE ( Tarik barang retur )'!AC4 -> AWBR-12411-2026-5-16-01 | B27: ='DE ( Tarik barang retur )'!F4 -> Apotek Bintang Sehat 1 Jayamulya Serang Baru | C27: ='DE ( Tarik barang retur )'!G4 -> 6.28199e+17 | D27: ='DE ( Tarik barang retur )'!H4 -> Perum Grand Vista Blok D1 RT 003 RW 009 Desa Jayamulya Kec. Serang Baru Kab. Bekasi | E27: ='DE ( Tarik barang retur )'!D4 -> 26042802052677jEINi46Brs | F27: ='DE ( Tarik barang retur )'!R4 -> TMP-INV-2026/04/28/ 2685534HERBORIST MINYAK ZAITUN Victoria Care BOTOL @ 75 MLTarik Barang Retur | G27: ='DE ( Tarik barang retur )'!AF4 -> 46158 | H27: 46182 | I27: 46183 | J27: Completed
A28: ='DE ( Tarik barang retur )'!AC5 -> AWBR-12377-2026-5-16-01 | B28: ='DE ( Tarik barang retur )'!F5 -> Apotek Bintang Sehat Sukaragam Serang Baru | C28: ='DE ( Tarik barang retur )'!G5 -> 6.28125e+17 | D28: ='DE ( Tarik barang retur )'!H5 -> Perum Mega Regency Blok H1 No. 30 Desa Sukaragam Kec. Serang Baru Kab. Bekasi | E28: ='DE ( Tarik barang retur )'!D5 -> 26042002141604sR64H1lq | F28: ='DE ( Tarik barang retur )'!R5 -> TMP-INV-2026/04/20/ 2655815Tarik Barang Retur | G28: ='DE ( Tarik barang retur )'!AF5 -> 46158 | H28: 46179 | I28: 46179 | J28: Completed
A29: ='DE ( Tarik barang retur )'!AC6 -> AWBR-10720-2026-5-16-01 | B29: ='DE ( Tarik barang retur )'!F6 -> Apotek K24 Sukasari Sukasari Serang Baru | C29: ='DE ( Tarik barang retur )'!G6 -> 81776481573 | D29: ='DE ( Tarik barang retur )'!H6 -> Ruko Serang-Cibarusah No. 3 Jl. Raya Serang Cibarusah Kp. Pasar Randu, Kel. Sukasari Kec. Serang Baru Kab. Bekasi 17330 | E29: ='DE ( Tarik barang retur )'!D6 -> 26040605461503nMH7TsTY9j | F29: ='DE ( Tarik barang retur )'!R6 -> TMP-INV-2026/04/07/ 2610048INTERLAC Interbat DROPS DUS, BOTOL KACA 5 MLTarik Barang Retur | G29: ='DE ( Tarik barang retur )'!AF6 -> 46158 | H29: 46166 | I29: 46166 | J29: Completed
A30: ='DE ( Tarik barang retur )'!AC7 -> AWBR-16863-2026-5-16-01 | B30: ='DE ( Tarik barang retur )'!F7 -> Apotek Enggal Waras Tiga Bojongpicung Bojongpicung | C30: ='DE ( Tarik barang retur )'!G7 -> 6.28213e+17 | D30: ='DE ( Tarik barang retur )'!H7 -> Kp. Bojongpicung RT. 001 RW. 003 Desa. Bojongpicung Kecamatan. Bojongpicung Kabupaten Cianjur | E30: ='DE ( Tarik barang retur )'!D7 -> 26042707183212wZ262nubF | F30: ='DE ( Tarik barang retur )'!R7 -> TMP-INV-2026/04/28/ 2687857SGM LLM+ DUS, KARTON 400 GTarik Barang Retur | G30: ='DE ( Tarik barang retur )'!AF7 -> 46158 | H30: 46160 | I30: 46161 | J30: Completed | K30: -
A31: ='DE ( Tarik barang retur )'!AC8 -> AWBR-8604-2026-5-16-01 | B31: ='DE ( Tarik barang retur )'!F8 -> Apotek Rahayu Farma Cinangka Bungursari | C31: ='DE ( Tarik barang retur )'!G8 -> 82216766044 | D31: ='DE ( Tarik barang retur )'!H8 -> Jl. Cinangka No.23 RT.05 RW.03, Kel. Cinangka, Kec. Bungursari, Kab. Purwakarta, 41181 | E31: ='DE ( Tarik barang retur )'!D8 -> 26042314484910WriHfjQo | F31: ='DE ( Tarik barang retur )'!R8 -> TMP-INV-2026/04/24/ 2674250Semua Barang di Faktur TMP-INV-2026/04/24/ 2674250Tarik Barang Damaged | G31: ='DE ( Tarik barang retur )'!AF8 -> 46158 | H31: 46159 | I31: 46161 | J31: Completed | K31: -
A32: ='DE ( Tarik barang retur )'!AC9 -> AWBR-10615-2026-5-16-01 | B32: ='DE ( Tarik barang retur )'!F9 -> Apotek Cahaya Pratama Nagrak Gunung Putri | C32: ='DE ( Tarik barang retur )'!G9 -> 6.28121e+16 | D32: ='DE ( Tarik barang retur )'!H9 -> Perumahan Legenda Wisata Cibubur Blok U12 No. 12 Desa Nagrak Kecamatan Gunung Putri Kabupaten Bogor | E32: ='DE ( Tarik barang retur )'!D9 -> 26042003281955evVhe58S | F32: ='DE ( Tarik barang retur )'!R9 -> TMP-INV-2026/04/20/ 2657865 & ALERZIN 10 Sampharindo TABLET 10 MG DUS, 10 AMPLOP @ 1 STRIP @ 10 TABLET SALUT SELAPUT & ZITANID Novell TABLET 2 MG DUS, 3 STRIP @ 10 TABLETTarik Barang Retur | G32: ='DE ( Tarik barang retur )'!AF9 -> 46158 | H32: 46158 | I32: 46159 | J32: Completed | K32: -
A33: ='DE ( Tarik barang retur )'!AC10 -> AWBR-16765-2026-5-16-01 | B33: ='DE ( Tarik barang retur )'!F10 -> Apotek Madison Sehat Ciangsana Gunung Putri | C33: ='DE ( Tarik barang retur )'!G10 -> 6.28121e+17 | D33: ='DE ( Tarik barang retur )'!H10 -> Ruko Downtown Madison Blok SHC 8/2, Desa/Kelurahan Ciangsana, Kec. Gunung Putri, Kab. Bogor | E33: ='DE ( Tarik barang retur )'!D10 -> 26042812441924lNfuzKSQr | F33: ='DE ( Tarik barang retur )'!R10 -> TMP-INV-2026/04/29/ 2689820ROSUVASTATIN CALCIUM Novell TABLET 20 MG DUS, 2 STRIP @ 10 TABLET SALUT SELAPUTTarik Barang Retur | G33: ='DE ( Tarik barang retur )'!AF10 -> 46158 | H33: 46158 | I33: 46159 | J33: Completed | K33: -
A34: ='DE ( Tarik barang retur )'!AC11 -> AWBR-1288-2026-5-16-01 | B34: ='DE ( Tarik barang retur )'!F11 -> Apotek Sehat Utama | C34: ='DE ( Tarik barang retur )'!G11 -> 8128011014 | D34: ='DE ( Tarik barang retur )'!H11 -> Jalan Raya Narogong KM. 22 No. 62 RT 007 RW 005 Desa Cileungsi Kecamatan Cileungsi Kabupaten Bogor 16820 | E34: ='DE ( Tarik barang retur )'!D11 -> 26050410225303b1fZxbejo | F34: ='DE ( Tarik barang retur )'!R11 -> TMP-INV-2026/05/05/ 2711278GABAPENTIN Hexpharm KAPSUL 100 MG DUS, 10 STRIP @ 10 KAPSULTarik Barang Retur | G34: ='DE ( Tarik barang retur )'!AF11 -> 46158 | H34: 46158 | I34: 46159 | J34: Completed | K34: -
A35: ='DE ( Tarik barang retur )'!AC12 -> AWBR-3040-2026-5-16-01 | B35: ='DE ( Tarik barang retur )'!F12 -> Apotek Tasha Sehat | C35: ='DE ( Tarik barang retur )'!G12 -> 87808789981 | D35: ='DE ( Tarik barang retur )'!H12 -> Ruko Sentra Eropa Blok D No. 16 Desa Ciangsana Kecamatan Gunung Putri Kabupaten Bogor Provinsi Jawa Barat | E35: ='DE ( Tarik barang retur )'!D12 -> 260501001157611qk7q9kxV | F35: ='DE ( Tarik barang retur )'!R12 -> TMP-INV-2026/05/01/ 2697754 & TMP-INV-2026/05/01/ 2697911 HANSAPLAST FUN KAIN ELASTIS Beiersdorf DUS, 100 LEMBAR & L-BIO CAP Lapi KAPSUL DUS, 2 BOTOL PLASTIK @ 15 KAPSULTarik Barang Retur | G35: ='DE ( Tarik barang retur )'!AF12 -> 46158 | H35: 46158 | I35: 46159 | J35: Completed | K35: -
A36: ='DE ( Tarik barang retur )'!AC13 -> AWBR-11570-2026-5-16-01 | B36: ='DE ( Tarik barang retur )'!F13 -> Apotek Arjuna Pondok Benda Pamulang | C36: ='DE ( Tarik barang retur )'!G13 -> 6.28777e+17 | D36: ='DE ( Tarik barang retur )'!H13 -> Jl. Arjuna RT/RW 002/008 NO. 20, Desa/Kelurahan Pondok Benda, Kec. Pamulang, Kota Tangerang Selatan, Provinsi Banten | E36: ='DE ( Tarik barang retur )'!D13 -> 260411030107043MpJcBo2H | F36: ='DE ( Tarik barang retur )'!R13 -> TMP-INV-2026/04/11/ 2626726Semua Barang di Faktur TMP-INV-2026/04/11/ 2626726Tarik Barang Retur | G36: ='DE ( Tarik barang retur )'!AF13 -> 46158 | H36: 46161 | I36: 46162 | J36: Completed
A37: ='DE ( Tarik barang retur )'!AC14 -> AWBR-10909-2026-5-16-01 | B37: ='DE ( Tarik barang retur )'!F14 -> Apotek Mili Sudimara Jaya Ciledug | C37: ='DE ( Tarik barang retur )'!G14 -> 6.28595e+17 | D37: ='DE ( Tarik barang retur )'!H14 -> Jalan Tanah Seratus No. 32 RT 005 RW 001, Desa/Kel. Sudimara Jaya, Kec. Ciledug, Kota Tangerang 15152 | E37: ='DE ( Tarik barang retur )'!D14 -> 26050402003612Mjr72olp | F37: ='DE ( Tarik barang retur )'!R14 -> TMP-INV-2026/05/04/ 2706484AMOXSAN Capri KAPSUL 250 MG DUS, 10 STRIP @ 10 KAPSULTarik Barang Retur | G37: ='DE ( Tarik barang retur )'!AF14 -> 46158 | H37: 46158 | I37: 46159 | J37: Completed | K37: -
A38: ='DE ( Tarik barang retur )'!AC15 -> AWBR-1240-2026-5-16-01 | B38: ='DE ( Tarik barang retur )'!F15 -> Apotek Satrio Intermoda BSD | C38: ='DE ( Tarik barang retur )'!G15 -> 87879355780 | D38: ='DE ( Tarik barang retur )'!H15 -> Ruko Pasar Modern Blok A No.6 Kelurahan Sampora Kecamatan Cisauk Kabupaten Tangerang 15345 | E38: ='DE ( Tarik barang retur )'!D15 -> 26042811223320GPDCXVdGT | F38: ='DE ( Tarik barang retur )'!R15 -> TMP-INV-2026/04/29/ 2688234SANBE-HAIR CAIRAN DUS, 1 BOTOL @ 60 MLTarik Barang Retur | G38: ='DE ( Tarik barang retur )'!AF15 -> 46158 | H38: 46160 | I38: 46162 | J38: Completed
A39: ='DE ( Tarik barang retur )'!AC16 -> AWBR-16186-2026-5-16-01 | B39: ='DE ( Tarik barang retur )'!F16 -> Apotek Ghaniy 2 Grogol Limo | C39: ='DE ( Tarik barang retur )'!G16 -> 6281806739539 | D39: ='DE ( Tarik barang retur )'!H16 -> Jalan Pramuka Raya RT.003 RW.007, Desa/Kelurahan Grogol, Kec. Limo, Kota Depok | E39: ='DE ( Tarik barang retur )'!D16 -> 26050105082751dszzgrZkHt | F39: ='DE ( Tarik barang retur )'!R16 -> TMP-INV-2026/05/02/ 2701193TROLIP 100 Dexa Medica KAPSUL DUS, 3 BLISTER @ 10 KAPSULTarik Barang Retur | G39: ='DE ( Tarik barang retur )'!AF16 -> 46158 | H39: 46158 | I39: 46159 | J39: Completed | K39: -
A40: ='DE ( Tarik barang retur )'!AC17 -> AWBR-12487-2026-5-16-01 | B40: ='DE ( Tarik barang retur )'!F17 -> Apotek Heka Mekarsari Cimanggis | C40: ='DE ( Tarik barang retur )'!G17 -> 6.28954e+18 | D40: ='DE ( Tarik barang retur )'!H17 -> Jalan Raya Jakarta Bogor no 10, Desa/Kel. Mekarsari, Kec. Cimanggis, Kota Depok | E40: ='DE ( Tarik barang retur )'!D17 -> 26042503482941amcsOuUHt | F40: ='DE ( Tarik barang retur )'!R17 -> TMP-INV-2026/04/25/ 2677505LECOZINC FORTE Ifars SIRUP DUS, 1 BOTOL @ 60 MLTarik Barang Retur | G40: ='DE ( Tarik barang retur )'!AF17 -> 46158 | H40: 46158 | I40: 46159 | J40: Completed | K40: -
A41: ='DE ( Tarik barang retur )'!AC18 -> AWBR-13059-2026-5-16-01 | B41: ='DE ( Tarik barang retur )'!F18 -> Apotek K24 Jatirahayu Jatirahayu Pondok Melati | C41: ='DE ( Tarik barang retur )'!G18 -> 6.28228e+17 | D41: ='DE ( Tarik barang retur )'!H18 -> Jl Raya Hankam No. 114 Kel. Jatirahayu Kec. Pondok Melati Kota Bekasi | E41: ='DE ( Tarik barang retur )'!D18 -> 26050403041926cDZnpO1L0 | F41: ='DE ( Tarik barang retur )'!R18 -> TMP-INV-2026/05/04/ 2707482HANSAPLAST SENSITIVE STERIL Beiersdorf 3XL KOTAK, 5 LEMBAR ( 10 x 15 cm )Tarik Barang Retur | G41: ='DE ( Tarik barang retur )'!AF18 -> 46158 | H41: 46158 | I41: 46159 | J41: Completed | K41: -
A42: ='DE ( Tarik barang retur )'!AC19 -> AWBR-13426-2026-5-16-01 | B42: ='DE ( Tarik barang retur )'!F19 -> Apotek Kalimulya Kalimulya Cilodong | C42: ='DE ( Tarik barang retur )'!G19 -> 6.28526e+17 | D42: ='DE ( Tarik barang retur )'!H19 -> Jl. Raya Kalimulya RT. 005 RW. 002, Desa/Kel. Kalimulya, Kec. Cilodong, Kota Depok | E42: ='DE ( Tarik barang retur )'!D19 -> 26021902034241LHwCPEV2sp | F42: ='DE ( Tarik barang retur )'!R19 -> TMP-INV-2026/02/19/ 2450242BACTODERM Ika KRIM DUS, TUBE @ 5 GTarik Barang Retur | G42: ='DE ( Tarik barang retur )'!AF19 -> 46158 | H42: 46158 | I42: 46159 | J42: Completed | K42: -
A43: ='DE ( Tarik barang retur )'!AC20 -> AWBR-10650-2026-5-16-01 | B43: ='DE ( Tarik barang retur )'!F20 -> Apotek Medpharm GDC Tirtajaya Sukmajaya | C43: ='DE ( Tarik barang retur )'!G20 -> 6.28138e+17 | D43: ='DE ( Tarik barang retur )'!H20 -> Ruko Gardenia, Grand Depok City, Grand Depok City, Jalan KSU Parung Serab, Kelurahan Tirtajaya, Kecamatan Sukmajaya, Kota Depok, Jawa Barat 16412 | E43: ='DE ( Tarik barang retur )'!D20 -> 26032502174258n3vetaq2lL | F43: ='DE ( Tarik barang retur )'!R20 -> TMP-INV-2026/03/25/ 2564429BACTODERM Ika KRIM DUS, TUBE @ 5 GTarik Barang Retur | G43: ='DE ( Tarik barang retur )'!AF20 -> 46158 | H43: 46158 | I43: 46159 | J43: Completed | K43: -
A44: ='DE ( Tarik barang retur )'!AC21 -> AWBR-12159-2026-5-16-01 | B44: ='DE ( Tarik barang retur )'!F21 -> Apotek Pharmasena Cinere Cinere | C44: ='DE ( Tarik barang retur )'!G21 -> 6.28226e+17 | D44: ='DE ( Tarik barang retur )'!H21 -> Jl. Bukit Cinere No.5E RT/RW.001/008, Desa/Kel. Cinere, Kec. Cinere, Kota Depok | E44: ='DE ( Tarik barang retur )'!D21 -> 26043013072795Fk4HKbMaC | F44: ='DE ( Tarik barang retur )'!R21 -> TMP-INV-2026/05/01/ 2698112ATORVASTATIN CALCIUM Hexpharm TABLET 20 MG DUS, 5 BLISTER @ 10 TABLET SALUT SELAPUTTarik Barang Retur | G44: ='DE ( Tarik barang retur )'!AF21 -> 46158 | H44: 46180 | I44: 46182 | J44: Completed
A45: ='DE ( Tarik barang retur )'!AC22 -> AWBR-47-2026-5-16-01 | B45: ='DE ( Tarik barang retur )'!F22 -> Apotek Raudha Farma | C45: ='DE ( Tarik barang retur )'!G22 -> 81299422172 | D45: ='DE ( Tarik barang retur )'!H22 -> Jl. Raya Ceger No. 99, Ceger, Cipayung | E45: ='DE ( Tarik barang retur )'!D22 -> 26042703081781u8IO2ONwOj | F45: ='DE ( Tarik barang retur )'!R22 -> TMP-INV-2026/04/27/ 2682932SAFE CARE REFRESHING OIL DUS, BOTOL KACA ROLL ON @ 30 MLTarik Barang Retur | G45: ='DE ( Tarik barang retur )'!AF22 -> 46158 | H45: 46160 | I45: 46164 | J45: Completed | K45: -
A46: ='DE ( Tarik barang retur )'!AC23 -> AWBR-15096-2026-5-16-01 | B46: ='DE ( Tarik barang retur )'!F23 -> Apotek Thara Jatibening Baru Pondok Gede | C46: ='DE ( Tarik barang retur )'!G23 -> 6.28222e+17 | D46: ='DE ( Tarik barang retur )'!H23 -> Jalan Lampiri Raya, Rt.004 Rw.002 no. 12C, Desa/Kelurahan Jatibening Baru, Kec. Pondokgede, Kota Bekasi | E46: ='DE ( Tarik barang retur )'!D23 -> 26042701421278xNKUengCqf | F46: ='DE ( Tarik barang retur )'!R23 -> TMP-INV-2026/04/27/ 2683024DECOLGEN PE Darya-Varia TABLET DUS, 25 CATCH COVER @ 1 STRIP @ 4 TABLETTarik Barang Retur | G46: ='DE ( Tarik barang retur )'!AF23 -> 46158 | H46: 46158 | I46: 46159 | J46: Completed | K46: -
A47: ='DE ( Tarik barang retur )'!AC24 -> AWBR-1139-2026-5-19-01 | B47: ='DE ( Tarik barang retur )'!F24 -> Apotek Via | C47: ='DE ( Tarik barang retur )'!G24 -> 8119988989 | D47: ='DE ( Tarik barang retur )'!H24 -> Jalan Krukut Raya RT 006 RW 001 Kelurahan Krukut Kecamatan Limo Kota Depok 16512 | E47: ='DE ( Tarik barang retur )'!D24 -> 260413020323907FRyJhbHX0 | F47: ='DE ( Tarik barang retur )'!R24 -> TMP-INV-2026/04/13/ 2632836 / SANGOBION VITA-TONIK Merck CAIRAN ORAL DUS, BOTOL PLASTIK @ 250 ML- Tarik barang retur & wajib bawa BA retur | G47: ='DE ( Tarik barang retur )'!AF24 -> 46161 | H47: 46165 | I47: 46166 | J47: Completed
A48: ='DE ( Tarik barang retur )'!AC25 -> AWBR-667-15-05-26-C01 | B48: ='DE ( Tarik barang retur )'!F25 -> Apotek Berlian Farma | C48: ='DE ( Tarik barang retur )'!G25 -> 85374101944 | D48: ='DE ( Tarik barang retur )'!H25 -> Komplek Permata Jasindo Lestari Blok A6/14 RT.007 RW.004 Kelurahan Mekarsari, Kecamatan Cimanggis, Kota Depok 16452 | E48: ='DE ( Tarik barang retur )'!D25 -> TMP-667-15-05-2026 | F48: ='DE ( Tarik barang retur )'!R25 -> TMP-667-15/05/2026Tarik Faktur/Total invoices =69 | G48: ='DE ( Tarik barang retur )'!AF25 -> 46161 | H48: 46161 | I48: 46162 | J48: Completed | K48: -
A49: ='DE ( Tarik barang retur )'!AC26 -> AWBR-1446-15-05-26-C01 | B49: ='DE ( Tarik barang retur )'!F26 -> Apotek Yessa Farma | C49: ='DE ( Tarik barang retur )'!G26 -> 81219562470 | D49: ='DE ( Tarik barang retur )'!H26 -> Jalan Jatijajar I RT 03 RW 02 Kelurahan Jatijajar Kecamatan Tapos Kota Depok 16454 | E49: ='DE ( Tarik barang retur )'!D26 -> TMP-1446-15-05-2026 | F49: ='DE ( Tarik barang retur )'!R26 -> TMP-1446-15/05/2026Tarik Faktur/Total invoices =43 | G49: ='DE ( Tarik barang retur )'!AF26 -> 46161 | H49: 46161 | I49: 46162 | J49: Completed | K49: -
A50: ='DE ( Tarik barang retur )'!AC27 -> AWBR-1455-15-05-26-C01 | B50: ='DE ( Tarik barang retur )'!F27 -> Apotek Sahabat Sehat 1455 | C50: ='DE ( Tarik barang retur )'!G27 -> 81314967799 | D50: ='DE ( Tarik barang retur )'!H27 -> Jl. Masjid Raya No. 30 RT 001 RW 012 Kelurahan - Jaticempaka Kecamatan - Pondok Gede Kota Bekasi | E50: ='DE ( Tarik barang retur )'!D27 -> TMP-1455-15-05-2026 | F50: ='DE ( Tarik barang retur )'!R27 -> TMP-1455-15/05/2026Tarik Faktur/Total invoices =34 | G50: ='DE ( Tarik barang retur )'!AF27 -> 46161 | H50: 46163 | I50: 46163 | J50: Completed | K50: -
A51: ='DE ( Tarik barang retur )'!AC28 -> AWBR-13278-15-05-26-C01 | B51: ='DE ( Tarik barang retur )'!F28 -> Apotek Sahabat Sehat 2 Jatibening Baru Pondok Gede | C51: ='DE ( Tarik barang retur )'!G28 -> 6.28138e+17 | D51: ='DE ( Tarik barang retur )'!H28 -> Jl. Pangrango Terusan No. 34 RT. 01 RW. 04,Desa/Kelurahan Jatibening Baru,Kecamatan Pondok Gede,Kota Bekasi,Jawa Barat,17412 | E51: ='DE ( Tarik barang retur )'!D28 -> TMP-13278-15-05-2026 | F51: ='DE ( Tarik barang retur )'!R28 -> TMP-13278-15/05/2026Tarik Faktur/Total invoices =25 | G51: ='DE ( Tarik barang retur )'!AF28 -> 46161 | H51: 46162 | I51: 46162 | J51: Completed | K51: -
A52: ='DE ( Tarik barang retur )'!AC29 -> AWBR-11120-15-05-26-C01 | B52: ='DE ( Tarik barang retur )'!F29 -> Apotek Gemintang Farma Jatimelati Pondok Melati | C52: ='DE ( Tarik barang retur )'!G29 -> 6.28569e+17 | D52: ='DE ( Tarik barang retur )'!H29 -> Jalan Raya Kampung Sawah No 50, Desa/Kelurahan Jatimelati, Kecamatan Pondokmelati, Kota Bekasi,Jawa Barat,17414 | E52: ='DE ( Tarik barang retur )'!D29 -> TMP-11120-15-05-2026 | F52: ='DE ( Tarik barang retur )'!R29 -> TMP-11120-15/05/2026Tarik Faktur/Total invoices =25 | G52: ='DE ( Tarik barang retur )'!AF29 -> 46161 | H52: 46163 | I52: 46163 | J52: Completed
A53: ='DE ( Tarik barang retur )'!AC30 -> AWBR-16209-15-05-26-C01 | B53: ='DE ( Tarik barang retur )'!F30 -> Apotek Manjur Pondok Cina Beji | C53: ='DE ( Tarik barang retur )'!G30 -> 6.28214e+17 | D53: ='DE ( Tarik barang retur )'!H30 -> Jl. Margonda Raya No. 514 RT. 001 RW. 005 Jl. Raya Pondok Duta Kel. Pondok Cina Kec. Beji Kota Depok | E53: ='DE ( Tarik barang retur )'!D30 -> TMP-16209-15-05-2026 | F53: ='DE ( Tarik barang retur )'!R30 -> TMP-16209-15/05/2026Tarik Faktur/Total invoices =24 | G53: ='DE ( Tarik barang retur )'!AF30 -> 46161 | H53: 46165 | I53: 46166 | J53: Completed
A54: ='DE ( Tarik barang retur )'!AC31 -> AWBR-982-15-05-26-C01 | B54: ='DE ( Tarik barang retur )'!F31 -> Apotek Pondok Gede Farma | C54: ='DE ( Tarik barang retur )'!G31 -> 81314637235 | D54: ='DE ( Tarik barang retur )'!H31 -> Jalan Raya Jatiwaringin 232 B Kelurahan Jaticempaka Kecamatan Pondokgede Kota Bekasi Jawa Barat 17411 | E54: ='DE ( Tarik barang retur )'!D31 -> TMP-982-15-05-2026 | F54: ='DE ( Tarik barang retur )'!R31 -> TMP-982-15/05/2026Tarik Faktur/Total invoices =24 | G54: ='DE ( Tarik barang retur )'!AF31 -> 46161 | H54: 46163 | I54: 46163 | J54: Completed | K54: -
A55: ='DE ( Tarik barang retur )'!AC32 -> AWBR-10650-15-05-26-C01 | B55: ='DE ( Tarik barang retur )'!F32 -> Apotek Medpharm GDC Tirtajaya Sukmajaya | C55: ='DE ( Tarik barang retur )'!G32 -> 6.28138e+17 | D55: ='DE ( Tarik barang retur )'!H32 -> Ruko Gardenia, Grand Depok City, Grand Depok City, Jalan KSU Parung Serab, Kelurahan Tirtajaya, Kecamatan Sukmajaya, Kota Depok, Jawa Barat 16412 | E55: ='DE ( Tarik barang retur )'!D32 -> TMP-10650-15-05-2026 | F55: ='DE ( Tarik barang retur )'!R32 -> TMP-10650-15/05/2026Tarik Faktur/Total invoices =22 | G55: ='DE ( Tarik barang retur )'!AF32 -> 46161 | H55: 46161 | I55: 46162 | J55: Completed | K55: -
A56: ='DE ( Tarik barang retur )'!AC33 -> AWBR-916-15-05-26-C01 | B56: ='DE ( Tarik barang retur )'!F33 -> Apotek Danez Farma Jatibening | C56: ='DE ( Tarik barang retur )'!G33 -> 81317054040 | D56: ='DE ( Tarik barang retur )'!H33 -> Jalan Jatibening Estate Kav.2 Kelurahan Jatibening Kecamatan Pondok Gede Kota Bekasi 17412 | E56: ='DE ( Tarik barang retur )'!D33 -> TMP-916-15-05-2026 | F56: ='DE ( Tarik barang retur )'!R33 -> TMP-916-15/05/2026Tarik Faktur/Total invoices =16 | G56: ='DE ( Tarik barang retur )'!AF33 -> 46161 | H56: 46162 | I56: 46162 | J56: Completed | K56: -
A57: ='DE ( Tarik barang retur )'!AC34 -> AWBR-11952-15-05-26-C01 | B57: ='DE ( Tarik barang retur )'!F34 -> Apotek Sahabat Galenika 1 Jatiwaringin Pondok Gede | C57: ='DE ( Tarik barang retur )'!G34 -> 6.28123e+17 | D57: ='DE ( Tarik barang retur )'!H34 -> Jl. Jatiwaringin No. 130 Kel. Jatiwaringin Kec. Pondok Gede Kota Bekasi | E57: ='DE ( Tarik barang retur )'!D34 -> TMP-11952-15-05-2026 | F57: ='DE ( Tarik barang retur )'!R34 -> TMP-11952-15/05/2026Tarik Faktur/Total invoices =16 | G57: ='DE ( Tarik barang retur )'!AF34 -> 46161 | H57: 46162 | I57: 46162 | J57: Completed | K57: -
A58: ='DE ( Tarik barang retur )'!AC35 -> AWBR-16587-15-05-26-C01 | B58: ='DE ( Tarik barang retur )'!F35 -> Apotek Fatih Jatibening Baru Pondok Gede | C58: ='DE ( Tarik barang retur )'!G35 -> 6.28121e+17 | D58: ='DE ( Tarik barang retur )'!H35 -> Jl. Lampiri Raya No.108 B Desa/Kelurahan Jatibening Baru,Kecamatan Pondok Gede, Kota Bekasi, Jawa Barat, 17412 | E58: ='DE ( Tarik barang retur )'!D35 -> TMP-16587-15-05-2026 | F58: ='DE ( Tarik barang retur )'!R35 -> TMP-16587-15/05/2026Tarik Faktur/Total invoices =15 | G58: ='DE ( Tarik barang retur )'!AF35 -> 46161 | H58: 46163 | I58: 46163 | J58: Completed
A59: ='DE ( Tarik barang retur )'!AC36 -> AWBR-836-15-05-26-C01 | B59: ='DE ( Tarik barang retur )'!F36 -> Apotek Alam Sehat Farma | C59: ='DE ( Tarik barang retur )'!G36 -> 81382701345 | D59: ='DE ( Tarik barang retur )'!H36 -> Jalan Anggrek Raya No. 27-28 RT 002/004 Kelurahan Depok Jaya Kecamatan Pancoran Mas 16432 | E59: ='DE ( Tarik barang retur )'!D36 -> TMP-836-15-05-2026 | F59: ='DE ( Tarik barang retur )'!R36 -> TMP-836-15/05/2026Tarik Faktur/Total invoices =13 | G59: ='DE ( Tarik barang retur )'!AF36 -> 46161 | H59: 46165 | I59: 46166 | J59: Completed
A60: ='DE ( Tarik barang retur )'!AC37 -> AWBR-552-15-05-26-C01 | B60: ='DE ( Tarik barang retur )'!F37 -> Apotek G Farma Kranggan | C60: ='DE ( Tarik barang retur )'!G37 -> 81932511145 | D60: ='DE ( Tarik barang retur )'!H37 -> Ruko Kranggan Permai Blok RT 2 No. 4, RT 015 RW 015, Kelurahan Jatisampurna, Kecamatan Jatisampurna, Kota Bekasi, Jawa Barat 17433 | E60: ='DE ( Tarik barang retur )'!D37 -> TMP-552-15-05-2026 | F60: ='DE ( Tarik barang retur )'!R37 -> TMP-552-15/05/2026Tarik Faktur/Total invoices =13 | G60: ='DE ( Tarik barang retur )'!AF37 -> 46161 | H60: 46161 | I60: 46162 | J60: Completed | K60: -
A61: ='DE ( Tarik barang retur )'!AC38 -> AWBR-8787-15-05-26-C01 | B61: ='DE ( Tarik barang retur )'!F38 -> Apotek Hazira Farma Jaticempaka Pd Gede | C61: ='DE ( Tarik barang retur )'!G38 -> 82210333962 | D61: ='DE ( Tarik barang retur )'!H38 -> Ruko Blok II No. 12 A Jl. Raya Curug RT 007 RW 002 Kel. Jaticempaka, Kec. Pondok Gede, Kota Bekasi 17411 | E61: ='DE ( Tarik barang retur )'!D38 -> TMP-8787-15-05-2026 | F61: ='DE ( Tarik barang retur )'!R38 -> TMP-8787-15/05/2026Tarik Faktur/Total invoices =13 | G61: ='DE ( Tarik barang retur )'!AF38 -> 46161 | H61: 46162 | I61: 46162 | J61: Completed | K61: -
A62: ='DE ( Tarik barang retur )'!AC39 -> AWBR-15259-15-05-26-C01 | B62: ='DE ( Tarik barang retur )'!F39 -> Apotek Pasfarma Cipayung Lubang Buaya Cipayung | C62: ='DE ( Tarik barang retur )'!G39 -> 6.28232e+17 | D62: ='DE ( Tarik barang retur )'!H39 -> Jl. Pd. Gede Raya No.18 P 1, RT.1/RW.8, Lubang Buaya, Kec. Cipayung, Kota Jakarta Timur | E62: ='DE ( Tarik barang retur )'!D39 -> TMP-15259-15-05-2026 | F62: ='DE ( Tarik barang retur )'!R39 -> TMP-15259-15/05/2026Tarik Faktur/Total invoices =12 | G62: ='DE ( Tarik barang retur )'!AF39 -> 46161 | H62: 46162 | I62: 46162 | J62: Completed | K62: -
A63: ='DE ( Tarik barang retur )'!AC40 -> AWBR-3894-15-05-26-C01 | B63: ='DE ( Tarik barang retur )'!F40 -> Apotek Ihsan Farma | C63: ='DE ( Tarik barang retur )'!G40 -> 8164881897 | D63: ='DE ( Tarik barang retur )'!H40 -> Jalan Cilangkap Kp. Cilangkap RT 006 RW 012 Kelurahan Cilangkap Kecamatan Tapos Kota Depok 16411 | E63: ='DE ( Tarik barang retur )'!D40 -> TMP-3894-15-05-2026 | F63: ='DE ( Tarik barang retur )'!R40 -> TMP-3894-15/05/2026Tarik Faktur/Total invoices =11 | G63: ='DE ( Tarik barang retur )'!AF40 -> 46161 | H63: 46161 | I63: 46162 | J63: Completed | K63: -
A64: ='DE ( Tarik barang retur )'!AC41 -> AWBR-1113-15-05-26-C01 | B64: ='DE ( Tarik barang retur )'!F41 -> Apotek K24 Grand Depok City | C64: ='DE ( Tarik barang retur )'!G41 -> 81298228333 | D64: ='DE ( Tarik barang retur )'!H41 -> Perumahan Grand Depok City Sektor Caspia Blok B12 RT 002/006 Kelurahan Kalibaru Kecamatan Cilodong Depok 16414 | E64: ='DE ( Tarik barang retur )'!D41 -> TMP-1113-15-05-2026 | F64: ='DE ( Tarik barang retur )'!R41 -> TMP-1113-15/05/2026Tarik Faktur/Total invoices =10 | G64: ='DE ( Tarik barang retur )'!AF41 -> 46161 | H64: 46161 | I64: 46162 | J64: Completed | K64: -
A65: ='DE ( Tarik barang retur )'!AC42 -> AWBR-724-15-05-26-C01 | B65: ='DE ( Tarik barang retur )'!F42 -> Apotek Dewi Farma | C65: ='DE ( Tarik barang retur )'!G42 -> 85283705505 | D65: ='DE ( Tarik barang retur )'!H42 -> Jalan Mess AL Kranggan Wetan RT.001/RW.012, Kelurahan Jatirangga, Kecamatan Jatisampurna, Kota Bekasi 17434 | E65: ='DE ( Tarik barang retur )'!D42 -> TMP-724-15-05-2026 | F65: ='DE ( Tarik barang retur )'!R42 -> TMP-724-15/05/2026Tarik Faktur/Total invoices =10 | G65: ='DE ( Tarik barang retur )'!AF42 -> 46161 | H65: 46161 | I65: 46162 | J65: Completed | K65: -
A66: ='DE ( Tarik barang retur )'!AC43 -> AWBR-11914-15-05-26-C01 | B66: ='DE ( Tarik barang retur )'!F43 -> Apotek dr Anne Harjamukti Cimanggis | C66: ='DE ( Tarik barang retur )'!G43 -> 6.28228e+17 | D66: ='DE ( Tarik barang retur )'!H43 -> Kav Pertamina No. 94-96, Jl Tumaritis 1 Kel. Harjamukti Kec. Cimanggis Kota Depok | E66: ='DE ( Tarik barang retur )'!D43 -> TMP-11914-15-05-2026 | F66: ='DE ( Tarik barang retur )'!R43 -> TMP-11914-15/05/2026Tarik Faktur/Total invoices =10 | G66: ='DE ( Tarik barang retur )'!AF43 -> 46161 | H66: 46161 | I66: 46162 | J66: Completed | K66: -
A67: ='DE ( Tarik barang retur )'!AC44 -> AWBR-11873-15-05-26-C01 | B67: ='DE ( Tarik barang retur )'!F44 -> Apotek K24 Jatimakmur Jatimakmur Pondok Gede | C67: ='DE ( Tarik barang retur )'!G44 -> 6.28198e+16 | D67: ='DE ( Tarik barang retur )'!H44 -> Komplek Ruko Jatimakmur Residence Blok A No. 9 Rt/Rw : 001/RW 20, Desa/Kel. Jatimakmur, Kec. Pondokgede, Kota Bekasi | E67: ='DE ( Tarik barang retur )'!D44 -> TMP-11873-15-05-2026 | F67: ='DE ( Tarik barang retur )'!R44 -> TMP-11873-15/05/2026Tarik Faktur/Total invoices =10 | G67: ='DE ( Tarik barang retur )'!AF44 -> 46161 | H67: 46161 | I67: 46162 | J67: Completed | K67: -
A68: ='DE ( Tarik barang retur )'!AC45 -> AWBR-2333-15-05-26-C01 | B68: ='DE ( Tarik barang retur )'!F45 -> Apotek Kita 2 | C68: ='DE ( Tarik barang retur )'!G45 -> 81311214281 | D68: ='DE ( Tarik barang retur )'!H45 -> Jalan Cipayung Jaya RT 04 RW 05 Kelurahan Cipayung Jaya Kecamatan Cipayung Kota Depok 16437 | E68: ='DE ( Tarik barang retur )'!D45 -> TMP-2333-15-05-2026 | F68: ='DE ( Tarik barang retur )'!R45 -> TMP-2333-15/05/2026Tarik Faktur/Total invoices =10 | G68: ='DE ( Tarik barang retur )'!AF45 -> 46161 | H68: 46165 | I68: 46166 | J68: Completed
A69: ='DE ( Tarik barang retur )'!AC46 -> AWBR-642-15-05-26-C01 | B69: ='DE ( Tarik barang retur )'!F46 -> Apotek Seruni | C69: ='DE ( Tarik barang retur )'!G46 -> 218734133 | D69: ='DE ( Tarik barang retur )'!H46 -> Jalan Radar Auri No. 87, Kelurahan Mekarsari, Kecamatan Cimanggis, Kota Depok 16452 | E69: ='DE ( Tarik barang retur )'!D46 -> TMP-642-15-05-2026 | F69: ='DE ( Tarik barang retur )'!R46 -> TMP-642-15/05/2026Tarik Faktur/Total invoices =10 | G69: ='DE ( Tarik barang retur )'!AF46 -> 46161 | H69: 46161 | I69: 46162 | J69: Completed | K69: -
A70: ='DE ( Tarik barang retur )'!AC47 -> AWBR-10793-15-05-26-C01 | B70: ='DE ( Tarik barang retur )'!F47 -> Apotek Al Kahfi Tanah Baru Beji | C70: ='DE ( Tarik barang retur )'!G47 -> 6.28129e+17 | D70: ='DE ( Tarik barang retur )'!H47 -> Jl. Moh. Kahfi 1 Ruko Ario Bimo No.3, Desa/Kel. Tanah Baru, Kec. Beji, Kota Depok 12646 | E70: ='DE ( Tarik barang retur )'!D47 -> TMP-10793-15-05-2026 | F70: ='DE ( Tarik barang retur )'!R47 -> TMP-10793-15/05/2026Tarik Faktur/Total invoices =8 | G70: ='DE ( Tarik barang retur )'!AF47 -> 46161 | H70: 46165 | I70: 46166 | J70: Completed
A71: ='DE ( Tarik barang retur )'!AC48 -> AWBR-12914-15-05-26-C01 | B71: ='DE ( Tarik barang retur )'!F48 -> Apotek Caringin Rangkapan Jaya Pancoran Mas | C71: ='DE ( Tarik barang retur )'!G48 -> 6.28138e+17 | D71: ='DE ( Tarik barang retur )'!H48 -> Jalan Caringin RT. 007 RW. 004 , Desa/Kelurahan Rangkapan Jaya,Kecamatan Pancoran Mas, Kota Depok,Jawa Barat,16435 | E71: ='DE ( Tarik barang retur )'!D48 -> TMP-12914-15-05-2026 | F71: ='DE ( Tarik barang retur )'!R48 -> TMP-12914-15/05/2026Tarik Faktur/Total invoices =8 | G71: ='DE ( Tarik barang retur )'!AF48 -> 46161 | H71: 46165 | I71: 46166 | J71: Completed
A72: ='DE ( Tarik barang retur )'!AC49 -> AWBR-12208-15-05-26-C01 | B72: ='DE ( Tarik barang retur )'!F49 -> Klinik Pratama Rawat Jalan Ihsan Medika Dua Cilangkap Tapos | C72: ='DE ( Tarik barang retur )'!G49 -> 6.28579e+17 | D72: ='DE ( Tarik barang retur )'!H49 -> Kp Cilangkap RT 001/014 Kel. Cilangkap Kec. Tapos Kota Depok | E72: ='DE ( Tarik barang retur )'!D49 -> TMP-12208-15-05-2026 | F72: ='DE ( Tarik barang retur )'!R49 -> TMP-12208-15/05/2026Tarik Faktur/Total invoices =8 | G72: ='DE ( Tarik barang retur )'!AF49 -> 46161 | H72: 46162 | I72: 46163 | J72: Completed
A73: ='DE ( Tarik barang retur )'!AC50 -> AWBR-535-15-05-26-C01 | B73: ='DE ( Tarik barang retur )'!F50 -> Apotek Sehati 535 | C73: ='DE ( Tarik barang retur )'!G50 -> 217520239 | D73: ='DE ( Tarik barang retur )'!H50 -> Jalan Arief Rahman Hakim No. 39 RT 010 RW 006, Kelurahan Depok Jaya, Kecamatan Pancoran Mas, Kota Depok 16431 | E73: ='DE ( Tarik barang retur )'!D50 -> TMP-535-15-05-2026 | F73: ='DE ( Tarik barang retur )'!R50 -> TMP-535-15/05/2026Tarik Faktur/Total invoices =8 | G73: ='DE ( Tarik barang retur )'!AF50 -> 46161 | H73: 46165 | I73: 46166 | J73: Completed
A74: ='DE ( Tarik barang retur )'!AC51 -> AWBR-905-15-05-26-C01 | B74: ='DE ( Tarik barang retur )'!F51 -> Apotek Jatimulya | C74: ='DE ( Tarik barang retur )'!G51 -> 81319027459 | D74: ='DE ( Tarik barang retur )'!H51 -> Jalan Raya Kalimulya, Kelurahan Jatimulya Kecamatan Cilodong, Kota Depok, Jawa Barat 16413 | E74: ='DE ( Tarik barang retur )'!D51 -> TMP-905-15-05-2026 | F74: ='DE ( Tarik barang retur )'!R51 -> TMP-905-15/05/2026Tarik Faktur/Total invoices =7 | G74: ='DE ( Tarik barang retur )'!AF51 -> 46161 | H74: 46161 | I74: 46162 | J74: Completed | K74: -
A75: ='DE ( Tarik barang retur )'!AC52 -> AWBR-10859-15-05-26-C01 | B75: ='DE ( Tarik barang retur )'!F52 -> Apotek Citayam Farma Bojong Pondok Terong Cipayung | C75: ='DE ( Tarik barang retur )'!G52 -> 6.28517e+17 | D75: ='DE ( Tarik barang retur )'!H52 -> Jl. Raya Cipayung No.1, RT.03/RW10, Desa/Kel. Bojong Pondok Terong, Kec. Cipayung, Kota Depok 16436 | E75: ='DE ( Tarik barang retur )'!D52 -> TMP-10859-15-05-2026 | F75: ='DE ( Tarik barang retur )'!R52 -> TMP-10859-15/05/2026Tarik Faktur/Total invoices =7 | G75: ='DE ( Tarik barang retur )'!AF52 -> 46161 | H75: 46165 | I75: 46166 | J75: Completed
A76: ='DE ( Tarik barang retur )'!AC53 -> AWBR-15137-15-05-26-C01 | B76: ='DE ( Tarik barang retur )'!F53 -> Apotek Rakyat Sehat Kalimulya Cilodong | C76: ='DE ( Tarik barang retur )'!G53 -> 6.28783e+17 | D76: ='DE ( Tarik barang retur )'!H53 -> Jl Raya Kalimulya No 80 Kel .Kalimulya Kec. Cilodong Kota Depok | E76: ='DE ( Tarik barang retur )'!D53 -> TMP-15137-15-05-2026 | F76: ='DE ( Tarik barang retur )'!R53 -> TMP-15137-15/05/2026Tarik Faktur/Total invoices =7 | G76: ='DE ( Tarik barang retur )'!AF53 -> 46161 | H76: 46161 | I76: 46162 | J76: Completed | K76: -
A77: ='DE ( Tarik barang retur )'!AC54 -> AWBR-4-15-05-26-C01 | B77: ='DE ( Tarik barang retur )'!F54 -> Apotek K24 Bintang Farma | C77: ='DE ( Tarik barang retur )'!G54 -> 6.28177e+16 | D77: ='DE ( Tarik barang retur )'!H54 -> Jl. Kincan raya No. 17C RT.001 RW.007 Kelurahan Jatibening,Kecamatan Pondok Gede,Kota Bekasi,Jawa Barat,17412 | E77: ='DE ( Tarik barang retur )'!D54 -> TMP-4-15-05-2026 | F77: ='DE ( Tarik barang retur )'!R54 -> TMP-4-15/05/2026Tarik Faktur/Total invoices =7 | G77: ='DE ( Tarik barang retur )'!AF54 -> 46161 | H77: 46162 | I77: 46162 | J77: Completed | K77: -
A78: ='DE ( Tarik barang retur )'!AC55 -> AWBR-334-15-05-26-C01 | B78: ='DE ( Tarik barang retur )'!F55 -> Apotek Merapi | C78: ='DE ( Tarik barang retur )'!G55 -> 2177833109 | D78: ='DE ( Tarik barang retur )'!H55 -> Jalan Kejayaan Blok X No. 9 RT 006/ RW 012 Kelurahan Abadijaya, Kecamatan Sukmajaya Kota Depok 16417 | E78: ='DE ( Tarik barang retur )'!D55 -> TMP-334-15-05-2026 | F78: ='DE ( Tarik barang retur )'!R55 -> TMP-334-15/05/2026Tarik Faktur/Total invoices =6 | G78: ='DE ( Tarik barang retur )'!AF55 -> 46161 | H78: 46163 | I78: 46164 | J78: Completed
A79: ='DE ( Tarik barang retur )'!AC56 -> AWBR-734-15-05-26-C01 | B79: ='DE ( Tarik barang retur )'!F56 -> Apotek Amandara | C79: ='DE ( Tarik barang retur )'!G56 -> 8121925699 | D79: ='DE ( Tarik barang retur )'!H56 -> Jalan Siliwangi No.3 Kelurahan Depok, Kecamatan Pancoranmas, Kota Depok 16431 | E79: ='DE ( Tarik barang retur )'!D56 -> TMP-734-15-05-2026 | F79: ='DE ( Tarik barang retur )'!R56 -> TMP-734-15/05/2026Tarik Faktur/Total invoices =6 | G79: ='DE ( Tarik barang retur )'!AF56 -> 46161 | H79: 46165 | I79: 46166 | J79: Completed
A80: ='DE ( Tarik barang retur )'!AC57 -> AWBR-13059-15-05-26-C01 | B80: ='DE ( Tarik barang retur )'!F57 -> Apotek K24 Jatirahayu Jatirahayu Pondok Melati | C80: ='DE ( Tarik barang retur )'!G57 -> 6.28228e+17 | D80: ='DE ( Tarik barang retur )'!H57 -> Jl Raya Hankam No. 114 Kel. Jatirahayu Kec. Pondok Melati Kota Bekasi | E80: ='DE ( Tarik barang retur )'!D57 -> TMP-13059-15-05-2026 | F80: ='DE ( Tarik barang retur )'!R57 -> TMP-13059-15/05/2026Tarik Faktur/Total invoices =6 | G80: ='DE ( Tarik barang retur )'!AF57 -> 46161 | H80: 46161 | I80: 46162 | J80: Completed | K80: -
A81: ='DE ( Tarik barang retur )'!AC58 -> AWBR-10722-15-05-26-C01 | B81: ='DE ( Tarik barang retur )'!F58 -> Apotek Fikri Setu Cipayung | C81: ='DE ( Tarik barang retur )'!G58 -> 6.28177e+16 | D81: ='DE ( Tarik barang retur )'!H58 -> Jalan Terusan Mabes Hankam RT 007 RW 004, Desa/Kelurahan Setu, Kecamatan Cipayung, Kota Administrasi Jakarta Timur, DKI Jakarta 13880 | E81: ='DE ( Tarik barang retur )'!D58 -> TMP-10722-15-05-2026 | F81: ='DE ( Tarik barang retur )'!R58 -> TMP-10722-15/05/2026Tarik Faktur/Total invoices =6 | G81: ='DE ( Tarik barang retur )'!AF58 -> 46161 | H81: 46162 | I81: 46162 | J81: Completed | K81: -
A82: ='DE ( Tarik barang retur )'!AC59 -> AWBR-1854-15-05-26-C01 | B82: ='DE ( Tarik barang retur )'!F59 -> Apotek Hankam | C82: ='DE ( Tarik barang retur )'!G59 -> 8118161089 | D82: ='DE ( Tarik barang retur )'!H59 -> Jalan Raya Hankam No.65 RT 002 RW 007 Kelurahan Jatiwarna Kecamatan Pondok Melati Kota Bekasi 17415 | E82: ='DE ( Tarik barang retur )'!D59 -> TMP-1854-15-05-2026 | F82: ='DE ( Tarik barang retur )'!R59 -> TMP-1854-15/05/2026Tarik Faktur/Total invoices =6 | G82: ='DE ( Tarik barang retur )'!AF59 -> 46161 | H82: 46163 | I82: 46163 | J82: Completed
A83: ='DE ( Tarik barang retur )'!AC60 -> AWBR-12876-15-05-26-C01 | B83: ='DE ( Tarik barang retur )'!F60 -> Apotek Karunia Sejahtera Jatimurni Pondok Melati | C83: ='DE ( Tarik barang retur )'!G60 -> 6.28588e+17 | D83: ='DE ( Tarik barang retur )'!H60 -> Jl. Raya Kampung Sawah No. 2 RT. 007 RW. 001 Desa/Kelurahan Jatimurni, Kec. Pondokmelati, Kota Bekasi | E83: ='DE ( Tarik barang retur )'!D60 -> TMP-12876-15-05-2026 | F83: ='DE ( Tarik barang retur )'!R60 -> TMP-12876-15/05/2026Tarik Faktur/Total invoices =6 | G83: ='DE ( Tarik barang retur )'!AF60 -> 46161 | H83: 46163 | I83: 46163 | J83: Completed
A84: ='DE ( Tarik barang retur )'!AC61 -> AWBR-11877-15-05-26-C01 | B84: ='DE ( Tarik barang retur )'!F61 -> Apotek Fit 24 Sukatani Tapos | C84: ='DE ( Tarik barang retur )'!G61 -> 6.2814e+16 | D84: ='DE ( Tarik barang retur )'!H61 -> Ruko Khireni green View, Jl Raya Ciherang RT 003 RW 006 Kel. Sukatani Kec. Tapos Kota Depok | E84: ='DE ( Tarik barang retur )'!D61 -> TMP-11877-15-05-2026 | F84: ='DE ( Tarik barang retur )'!R61 -> TMP-11877-15/05/2026Tarik Faktur/Total invoices =6 | G84: ='DE ( Tarik barang retur )'!AF61 -> 46161 | H84: 46163 | I84: 46164 | J84: Completed
A85: ='DE ( Tarik barang retur )'!AC62 -> AWBR-783-15-05-26-C01 | B85: ='DE ( Tarik barang retur )'!F62 -> Klinik Pratama Ihsan Medika | C85: ='DE ( Tarik barang retur )'!G62 -> 2187745671 | D85: ='DE ( Tarik barang retur )'!H62 -> Jalan Kapitan No. 22 RT. 003 RW. 004 Kelurahan Sukatani, Kecamatan Tapos, Kota Depok 16454 | E85: ='DE ( Tarik barang retur )'!D62 -> TMP-783-15-05-2026 | F85: ='DE ( Tarik barang retur )'!R62 -> TMP-783-15/05/2026Tarik Faktur/Total invoices =6 | G85: ='DE ( Tarik barang retur )'!AF62 -> 46161 | H85: 46165 | I85: 46166 | J85: Completed
A86: ='DE ( Tarik barang retur )'!AC63 -> AWBR-1442-15-05-26-C01 | B86: ='DE ( Tarik barang retur )'!F63 -> Apotek Faisal | C86: ='DE ( Tarik barang retur )'!G63 -> 87773506955 | D86: ='DE ( Tarik barang retur )'!H63 -> Jalan Tawangmangu Raya Blok C2 No. 4 RT 19 RW 07 Kelurahan Jati Cempaka Kecamatan Pondok Gede Kota Bekasi 17411 | E86: ='DE ( Tarik barang retur )'!D63 -> TMP-1442-15-05-2026 | F86: ='DE ( Tarik barang retur )'!R63 -> TMP-1442-15/05/2026Tarik Faktur/Total invoices =6 | G86: ='DE ( Tarik barang retur )'!AF63 -> 46161 | H86: 46162 | I86: 46162 | J86: Completed | K86: -
A87: ='DE ( Tarik barang retur )'!AC64 -> AWBR-1518-15-05-26-C01 | B87: ='DE ( Tarik barang retur )'!F64 -> Apotek Kita Farma 1518 | C87: ='DE ( Tarik barang retur )'!G64 -> 8128117428 | D87: ='DE ( Tarik barang retur )'!H64 -> Jalan Swakarsa Raya No. 22 RT.03 RW.04 Desa Jatibening Baru, Kecamatan Pondokgede, Kota Bekasi, Jawa Barat 17412 | E87: ='DE ( Tarik barang retur )'!D64 -> TMP-1518-15-05-2026 | F87: ='DE ( Tarik barang retur )'!R64 -> TMP-1518-15/05/2026Tarik Faktur/Total invoices =6 | G87: ='DE ( Tarik barang retur )'!AF64 -> 46161 | H87: 46163 | I87: 46163 | J87: Completed
A88: ='DE ( Tarik barang retur )'!AC65 -> AWBR-12487-15-05-26-C01 | B88: ='DE ( Tarik barang retur )'!F65 -> Apotek Heka Mekarsari Cimanggis | C88: ='DE ( Tarik barang retur )'!G65 -> 6.28954e+18 | D88: ='DE ( Tarik barang retur )'!H65 -> Jalan Raya Jakarta Bogor no 10, Desa/Kel. Mekarsari, Kec. Cimanggis, Kota Depok | E88: ='DE ( Tarik barang retur )'!D65 -> TMP-12487-15-05-2026 | F88: ='DE ( Tarik barang retur )'!R65 -> TMP-12487-15/05/2026Tarik Faktur/Total invoices =5 | G88: ='DE ( Tarik barang retur )'!AF65 -> 46161 | H88: 46161 | I88: 46162 | J88: Completed
A89: ='DE ( Tarik barang retur )'!AC66 -> AWBR-16212-15-05-26-C01 | B89: ='DE ( Tarik barang retur )'!F66 -> Apotek Sentra Medika Jatirahayu Pondok Melati | C89: ='DE ( Tarik barang retur )'!G66 -> 6.28521e+17 | D89: ='DE ( Tarik barang retur )'!H66 -> Jl. Raya Kecapi Kav. A-03, Kel. Jatirahayu Kec. Pondok Melati, Kota Bekasi | E89: ='DE ( Tarik barang retur )'!D66 -> TMP-16212-15-05-2026 | F89: ='DE ( Tarik barang retur )'!R66 -> TMP-16212-15/05/2026Tarik Faktur/Total invoices =5 | G89: ='DE ( Tarik barang retur )'!AF66 -> 46161 | H89: 46161 | I89: 46162 | J89: Completed
A90: ='DE ( Tarik barang retur )'!AC67 -> AWBR-15120-15-05-26-C01 | B90: ='DE ( Tarik barang retur )'!F67 -> Apotek Bersama Plus Jatimulya Cilodong | C90: ='DE ( Tarik barang retur )'!G67 -> 6.28528e+17 | D90: ='DE ( Tarik barang retur )'!H67 -> Jalan Pondok Rajeg RT 01 RW 01 NO 79, Desa/Kelurahan Jatimulya, Kec. Cilodong, Kota Depok, Provinsi Jawa Barat, | E90: ='DE ( Tarik barang retur )'!D67 -> TMP-15120-15-05-2026 | F90: ='DE ( Tarik barang retur )'!R67 -> TMP-15120-15/05/2026Tarik Faktur/Total invoices =5 | G90: ='DE ( Tarik barang retur )'!AF67 -> 46161 | H90: 46161 | I90: 46162 | J90: Completed
A91: ='DE ( Tarik barang retur )'!AC68 -> AWBR-1324-15-05-26-C01 | B91: ='DE ( Tarik barang retur )'!F68 -> Apotek Zhafira | C91: ='DE ( Tarik barang retur )'!G68 -> 85280814705 | D91: ='DE ( Tarik barang retur )'!H68 -> Jalan Raya Keadilan RT 004 RW 009 Kelurahan Rangkapan Jaya Baru Kecamatan Pancoran Mas Depok 16431 | E91: ='DE ( Tarik barang retur )'!D68 -> TMP-1324-15-05-2026 | F91: ='DE ( Tarik barang retur )'!R68 -> TMP-1324-15/05/2026Tarik Faktur/Total invoices =5 | G91: ='DE ( Tarik barang retur )'!AF68 -> 46161 | H91: 46163 | I91: 46164 | J91: Completed
A92: ='DE ( Tarik barang retur )'!AC69 -> AWBR-994-15-05-26-C01 | B92: ='DE ( Tarik barang retur )'!F69 -> Apotek Guna Sehat | C92: ='DE ( Tarik barang retur )'!G69 -> 6.28954e+18 | D92: ='DE ( Tarik barang retur )'!H69 -> Jalan Raya Pondok Gede 50 A Kav 4-5 Kelurahan Jatirahayu Kecamatan Pondok Melati Bekasi Jawa Barat 17414 | E92: ='DE ( Tarik barang retur )'!D69 -> TMP-994-15-05-2026 | F92: ='DE ( Tarik barang retur )'!R69 -> TMP-994-15/05/2026Tarik Faktur/Total invoices =5 | G92: ='DE ( Tarik barang retur )'!AF69 -> 46161 | H92: 46163 | I92: 46163 | J92: Completed
A93: ='DE ( Tarik barang retur )'!AC70 -> AWBR-721-15-05-26-C01 | B93: ='DE ( Tarik barang retur )'!F70 -> Apotek Pondok Melati | C93: ='DE ( Tarik barang retur )'!G70 -> 8159570900 | D93: ='DE ( Tarik barang retur )'!H70 -> Jalan Raya Hankam No.41 Kelurahan Jatimelati, Kecamatan Pondok Melati, Kota Bekasi 17414 | E93: ='DE ( Tarik barang retur )'!D70 -> TMP-721-15-05-2026 | F93: ='DE ( Tarik barang retur )'!R70 -> TMP-721-15/05/2026Tarik Faktur/Total invoices =5 | G93: ='DE ( Tarik barang retur )'!AF70 -> 46161 | H93: 46163 | I93: 46163 | J93: Completed
A94: ='DE ( Tarik barang retur )'!AC71 -> AWBR-16836-15-05-26-C01 | B94: ='DE ( Tarik barang retur )'!F71 -> Apotek Aura Jatibening Pondokgede | C94: ='DE ( Tarik barang retur )'!G71 -> 6.28122e+17 | D94: ='DE ( Tarik barang retur )'!H71 -> Jl. Raya Jatibening Estate No. 34, Kel.Jatibening, Kec. Pondok Gede, Kota Bekasi | E94: ='DE ( Tarik barang retur )'!D71 -> TMP-16836-15-05-2026 | F94: ='DE ( Tarik barang retur )'!R71 -> TMP-16836-15/05/2026Tarik Faktur/Total invoices =5 | G94: ='DE ( Tarik barang retur )'!AF71 -> 46161 | H94: 46162 | I94: 46162 | J94: Completed
A95: ='DE ( Tarik barang retur )'!AC72 -> AWBR-1091-15-05-26-C01 | B95: ='DE ( Tarik barang retur )'!F72 -> Apotek Harrison Pasir Angin | C95: ='DE ( Tarik barang retur )'!G72 -> 82125602710 | D95: ='DE ( Tarik barang retur )'!H72 -> Kampung Cinyosog RT 001 RW 001 Desa Pasir Angin Kecamatan Cileungsi Kaupaten Bogor 16820 | E95: ='DE ( Tarik barang retur )'!D72 -> TMP-1091-15-05-2026 | F95: ='DE ( Tarik barang retur )'!R72 -> TMP-1091-15/05/2026Tarik Faktur/Total invoices =15 | G95: ='DE ( Tarik barang retur )'!AF72 -> 46161 | H95: 46161 | I95: 46162 | J95: Completed
A96: ='DE ( Tarik barang retur )'!AC73 -> AWBR-2288-15-05-26-C01 | B96: ='DE ( Tarik barang retur )'!F73 -> Apotek Ainun | C96: ='DE ( Tarik barang retur )'!G73 -> 81314522941 | D96: ='DE ( Tarik barang retur )'!H73 -> Jalan Raya Parung Gunung Sindur No. 23 Desa Parung Kecamatan Parung Kabupaten Bogor 16330 | E96: ='DE ( Tarik barang retur )'!D73 -> TMP-2288-15-05-2026 | F96: ='DE ( Tarik barang retur )'!R73 -> TMP-2288-15/05/2026Tarik Faktur/Total invoices =9 | G96: ='DE ( Tarik barang retur )'!AF73 -> 46161 | H96: 46161 | I96: 46162 | J96: Completed
A97: ='DE ( Tarik barang retur )'!AC74 -> AWBR-1370-15-05-26-C01 | B97: ='DE ( Tarik barang retur )'!F74 -> Apotek Mutiara Farma 1370 | C97: ='DE ( Tarik barang retur )'!G74 -> 817764000 | D97: ='DE ( Tarik barang retur )'!H74 -> Ruko Bukit Cimanggu City Blok B1 No. 2a RT.007 RW.009 Kel. Cibadak, Kecamatan Tanah Sareal, Kota Bogor | E97: ='DE ( Tarik barang retur )'!D74 -> TMP-1370-15-05-2026 | F97: ='DE ( Tarik barang retur )'!R74 -> TMP-1370-15/05/2026Tarik Faktur/Total invoices =9 | G97: ='DE ( Tarik barang retur )'!AF74 -> 46161 | H97: 46161 | I97: 46162 | J97: Completed
A98: ='DE ( Tarik barang retur )'!AC75 -> AWBR-10767-15-05-26-C01 | B98: ='DE ( Tarik barang retur )'!F75 -> Apotek Mecca Cicadas Gunung Putri | C98: ='DE ( Tarik barang retur )'!G75 -> 6.28588e+17 | D98: ='DE ( Tarik barang retur )'!H75 -> Jl. Mercedes Benz RT 01 RW 03 Desa/Kel. Cicadas Kec. Gunung Putri Kab. Bogor 16964 | E98: ='DE ( Tarik barang retur )'!D75 -> TMP-10767-15-05-2026 | F98: ='DE ( Tarik barang retur )'!R75 -> TMP-10767-15/05/2026Tarik Faktur/Total invoices =8 | G98: ='DE ( Tarik barang retur )'!AF75 -> 46161 | H98: 46163 | I98: 46165 | J98: Completed
... A121: ='DE ( Tarik barang retur )'!AC98 -> AWBR-1250-15-05-26-C01 | B121: ='DE ( Tarik barang retur )'!F98 -> Apotek Nabil Farma | C121: ='DE ( Tarik barang retur )'!G98 -> 87889948537 | D121: ='DE ( Tarik barang retur )'!H98 -> Jalan Iskandar Muda No.194 RT 001/003 Kelurahan Kedaung Baru Kecamatan Neglasari Kota Tangerang 15128 | E121: ='DE ( Tarik barang retur )'!D98 -> TMP-1250-15-05-2026 | F121: ='DE ( Tarik barang retur )'!R98 -> TMP-1250-15/05/2026Tarik Faktur/Total invoices =6 | G121: ='DE ( Tarik barang retur )'!AF98 -> 46161 | H121: 46163 | I121: 46164 | J121: Completed
A122: ='DE ( Tarik barang retur )'!AC99 -> AWBR-11544-15-05-26-C01 | B122: ='DE ( Tarik barang retur )'!F99 -> Apotek Gema Sehat Medang Pagedangan | C122: ='DE ( Tarik barang retur )'!G99 -> 6.2813e+16 | D122: ='DE ( Tarik barang retur )'!H99 -> Ruko Blok C.6 No. D28,Medang Lestari Kel. Medang Kec. Pagedangan Kab. Tangerang 15334 | E122: ='DE ( Tarik barang retur )'!D99 -> TMP-11544-15-05-2026 | F122: ='DE ( Tarik barang retur )'!R99 -> TMP-11544-15/05/2026Tarik Faktur/Total invoices =6 | G122: ='DE ( Tarik barang retur )'!AF99 -> 46161 | J122: Cancelled | L122: =COUNTIFS(A:A,A122) -> 1 | M122: =GET_LOCATION(D122,"city") -> Tangerang Regency | N122: =GET_LOCATION(D122,"province") -> Banten | O122: =VLOOKUP(M122,'Mapping Area'!A:C,3,0) -> GJ
...

Sheet Mapping L2
A1: Alamat | B1: L2 (Kota/Kabupaten)
A2: Jl. Raya Cipayung No.1, RT.03/RW10, Desa/Kel. Bojong Pondok Terong, Kec. Cipayung, Kota Depok 16436 | B2: Kota Depok | E2: {=UNIQUE('DE ( Tarik barang retur )'!H:H)} -> from.address.address1 | J2: Alamat | K2: L2
A3: Jl Aruji Kartawinata 02/02 Kel.Singojuruh Kec.Singojuruh Kab.Banyuwangi Jawa Timur 68464 | B3: Kabupaten Banyuwangi | E3: Jl. Raya Cipayung No.1, RT.03/RW10, Desa/Kel. Bojong Pondok Terong, Kec. Cipayung, Kota Depok 16436 | J3: Jl. Raya Cipayung No.1, RT.03/RW10, Desa/Kel. Bojong Pondok Terong, Kec. Cipayung, Kota Depok 16436 | K3: Kota Depok
A4: Perum Grand Vista Blok D1 RT 003 RW 009 Desa Jayamulya Kec. Serang Baru Kab. Bekasi | B4: Kabupaten Bekasi | E4: Jl Aruji Kartawinata 02/02 Kel.Singojuruh Kec.Singojuruh Kab.Banyuwangi Jawa Timur 68464 | J4: Jl Aruji Kartawinata 02/02 Kel.Singojuruh Kec.Singojuruh Kab.Banyuwangi Jawa Timur 68464 | K4: Kabupaten Banyuwangi | O4: =N4/$N$21 -> 0.23255814
A5: Perum Mega Regency Blok H1 No. 30 Desa Sukaragam Kec. Serang Baru Kab. Bekasi | B5: Kabupaten Bekasi | E5: Perum Grand Vista Blok D1 RT 003 RW 009 Desa Jayamulya Kec. Serang Baru Kab. Bekasi | J5: Perum Grand Vista Blok D1 RT 003 RW 009 Desa Jayamulya Kec. Serang Baru Kab. Bekasi | K5: Kabupaten Bekasi | O5: =N5/$N$21 -> 0.18023256
A6: Ruko Serang-Cibarusah No. 3 Jl. Raya Serang Cibarusah Kp. Pasar Randu, Kel. Sukasari Kec. Serang Baru Kab. Bekasi 17330 | B6: Kabupaten Bekasi | E6: Perum Mega Regency Blok H1 No. 30 Desa Sukaragam Kec. Serang Baru Kab. Bekasi | J6: Perum Mega Regency Blok H1 No. 30 Desa Sukaragam Kec. Serang Baru Kab. Bekasi | K6: Kabupaten Bekasi | O6: =N6/$N$21 -> 0.1627907
A7: Kp. Bojongpicung RT. 001 RW. 003 Desa. Bojongpicung Kecamatan. Bojongpicung Kabupaten Cianjur | B7: Kabupaten Cianjur | E7: Ruko Serang-Cibarusah No. 3 Jl. Raya Serang Cibarusah Kp. Pasar Randu, Kel. Sukasari Kec. Serang Baru Kab. Bekasi 17330 | J7: Ruko Serang-Cibarusah No. 3 Jl. Raya Serang Cibarusah Kp. Pasar Randu, Kel. Sukasari Kec. Serang Baru Kab. Bekasi 17330 | K7: Kabupaten Bekasi | O7: =N7/$N$21 -> 0.15697674
A8: Jl. Cinangka No.23 RT.05 RW.03, Kel. Cinangka, Kec. Bungursari, Kab. Purwakarta, 41181 | B8: Kabupaten Purwakarta | E8: Kp. Bojongpicung RT. 001 RW. 003 Desa. Bojongpicung Kecamatan. Bojongpicung Kabupaten Cianjur | J8: Kp. Bojongpicung RT. 001 RW. 003 Desa. Bojongpicung Kecamatan. Bojongpicung Kabupaten Cianjur | K8: Kabupaten Cianjur | O8: =N8/$N$21 -> 0.058139535
A9: Perumahan Legenda Wisata Cibubur Blok U12 No. 12 Desa Nagrak Kecamatan Gunung Putri Kabupaten Bogor | B9: Kabupaten Bogor | E9: Jl. Cinangka No.23 RT.05 RW.03, Kel. Cinangka, Kec. Bungursari, Kab. Purwakarta, 41181 | J9: Jl. Cinangka No.23 RT.05 RW.03, Kel. Cinangka, Kec. Bungursari, Kab. Purwakarta, 41181 | K9: Kabupaten Purwakarta | O9: =N9/$N$21 -> 0.046511628
A10: Ruko Downtown Madison Blok SHC 8/2, Desa/Kelurahan Ciangsana, Kec. Gunung Putri, Kab. Bogor | B10: Kabupaten Bogor | E10: Perumahan Legenda Wisata Cibubur Blok U12 No. 12 Desa Nagrak Kecamatan Gunung Putri Kabupaten Bogor | J10: Perumahan Legenda Wisata Cibubur Blok U12 No. 12 Desa Nagrak Kecamatan Gunung Putri Kabupaten Bogor | K10: Kabupaten Bogor | O10: =N10/$N$21 -> 0.046511628
A11: Jalan Raya Narogong KM. 22 No. 62 RT 007 RW 005 Desa Cileungsi Kecamatan Cileungsi Kabupaten Bogor 16820 | B11: Kabupaten Bogor | E11: Ruko Downtown Madison Blok SHC 8/2, Desa/Kelurahan Ciangsana, Kec. Gunung Putri, Kab. Bogor | J11: Ruko Downtown Madison Blok SHC 8/2, Desa/Kelurahan Ciangsana, Kec. Gunung Putri, Kab. Bogor | K11: Kabupaten Bogor | O11: =N11/$N$21 -> 0.040697674
A12: Ruko Sentra Eropa Blok D No. 16 Desa Ciangsana Kecamatan Gunung Putri Kabupaten Bogor Provinsi Jawa Barat | B12: Kabupaten Bogor | E12: Jalan Raya Narogong KM. 22 No. 62 RT 007 RW 005 Desa Cileungsi Kecamatan Cileungsi Kabupaten Bogor 16820 | J12: Jalan Raya Narogong KM. 22 No. 62 RT 007 RW 005 Desa Cileungsi Kecamatan Cileungsi Kabupaten Bogor 16820 | K12: Kabupaten Bogor | O12: =N12/$N$21 -> 0.029069767
A13: Jl. Arjuna RT/RW 002/008 NO. 20, Desa/Kelurahan Pondok Benda, Kec. Pamulang, Kota Tangerang Selatan, Provinsi Banten | B13: Kota Tangerang Selatan | E13: Ruko Sentra Eropa Blok D No. 16 Desa Ciangsana Kecamatan Gunung Putri Kabupaten Bogor Provinsi Jawa Barat | J13: Ruko Sentra Eropa Blok D No. 16 Desa Ciangsana Kecamatan Gunung Putri Kabupaten Bogor Provinsi Jawa Barat | K13: Kabupaten Bogor | O13: =N13/$N$21 -> 0.0058139535
A14: Jalan Tanah Seratus No. 32 RT 005 RW 001, Desa/Kel. Sudimara Jaya, Kec. Ciledug, Kota Tangerang 15152 | B14: Kota Tangerang | E14: Jl. Arjuna RT/RW 002/008 NO. 20, Desa/Kelurahan Pondok Benda, Kec. Pamulang, Kota Tangerang Selatan, Provinsi Banten | J14: Jl. Arjuna RT/RW 002/008 NO. 20, Desa/Kelurahan Pondok Benda, Kec. Pamulang, Kota Tangerang Selatan, Provinsi Banten | K14: Kota Tangerang Selatan | O14: =N14/$N$21 -> 0.0058139535
A15: Ruko Pasar Modern Blok A No.6 Kelurahan Sampora Kecamatan Cisauk Kabupaten Tangerang 15345 | B15: Kabupaten Tangerang | E15: Jalan Tanah Seratus No. 32 RT 005 RW 001, Desa/Kel. Sudimara Jaya, Kec. Ciledug, Kota Tangerang 15152 | J15: Jalan Tanah Seratus No. 32 RT 005 RW 001, Desa/Kel. Sudimara Jaya, Kec. Ciledug, Kota Tangerang 15152 | K15: Kota Tangerang | O15: =N15/$N$21 -> 0.0058139535
... A20: Ruko Gardenia, Grand Depok City, Jalan KSU Parung Serab, Kel. Tirtajaya, Kec. Sukmajaya, Kota Depok | B20: Kota Depok | E20: Jl. Raya Kalimulya RT. 005 RW. 002, Desa/Kel. Kalimulya, Kec. Cilodong, Kota Depok | J20: Jl. Raya Kalimulya RT. 005 RW. 002, Desa/Kel. Kalimulya, Kec. Cilodong, Kota Depok | K20: Kota Depok | O20: =N20/$N$21 -> 0.0058139535
A21: Jl. Bukit Cinere No.5E RT/RW.001/008, Desa/Kel. Cinere, Kec. Cinere, Kota Depok | B21: Kota Depok | E21: Ruko Gardenia, Grand Depok City, Grand Depok City, Jalan KSU Parung Serab, Kelurahan Tirtajaya, Kecamatan Sukmajaya, Kota Depok, Jawa Barat 16412 | J21: Ruko Gardenia, Grand Depok City, Grand Depok City, Jalan KSU Parung Serab, Kelurahan Tirtajaya, Kecamatan Sukmajaya, Kota Depok, Jawa Barat 16412 | K21: Kota Depok
A22: Jl. Raya Ceger No. 99, Ceger, Cipayung | B22: Kota Jakarta Timur | E22: Jl. Bukit Cinere No.5E RT/RW.001/008, Desa/Kel. Cinere, Kec. Cinere, Kota Depok | J22: Jl. Bukit Cinere No.5E RT/RW.001/008, Desa/Kel. Cinere, Kec. Cinere, Kota Depok | K22: Kota Depok
A23: Jalan Lampiri Raya, Rt.004 Rw.002 no. 12C, Desa/Kelurahan Jatibening Baru, Kec. Pondokgede, Kota Bekasi | B23: Kota Bekasi | E23: Jl. Raya Ceger No. 99, Ceger, Cipayung | J23: Jl. Raya Ceger No. 99, Ceger, Cipayung | K23: Kota Jakarta Timur
A24: Jalan Krukut Raya RT 006 RW 001 Kelurahan Krukut Kecamatan Limo Kota Depok 16512 | B24: Kota Depok | E24: Jalan Lampiri Raya, Rt.004 Rw.002 no. 12C, Desa/Kelurahan Jatibening Baru, Kec. Pondokgede, Kota Bekasi | J24: Jalan Lampiri Raya, Rt.004 Rw.002 no. 12C, Desa/Kelurahan Jatibening Baru, Kec. Pondokgede, Kota Bekasi | K24: Kota Bekasi
A25: Komplek Permata Jasindo Lestari Blok A6/14 RT.007 RW.004 Kelurahan Mekarsari, Kecamatan Cimanggis, Kota Depok 16452 | B25: Kota Depok | E25: Jalan Krukut Raya RT 006 RW 001 Kelurahan Krukut Kecamatan Limo Kota Depok 16512 | J25: Jalan Krukut Raya RT 006 RW 001 Kelurahan Krukut Kecamatan Limo Kota Depok 16512 | K25: Kota Depok
A26: Jalan Jatijajar I RT 03 RW 02 Kelurahan Jatijajar Kecamatan Tapos Kota Depok 16454 | B26: Kota Depok | E26: Komplek Permata Jasindo Lestari Blok A6/14 RT.007 RW.004 Kelurahan Mekarsari, Kecamatan Cimanggis, Kota Depok 16452 | J26: Komplek Permata Jasindo Lestari Blok A6/14 RT.007 RW.004 Kelurahan Mekarsari, Kecamatan Cimanggis, Kota Depok 16452 | K26: Kota Depok
E27: Jalan Jatijajar I RT 03 RW 02 Kelurahan Jatijajar Kecamatan Tapos Kota Depok 16454 | J27: Jalan Jatijajar I RT 03 RW 02 Kelurahan Jatijajar Kecamatan Tapos Kota Depok 16454 | K27: Kota Depok
E28: Jl. Masjid Raya No. 30 RT 001 RW 012 Kelurahan - Jaticempaka Kecamatan - Pondok Gede Kota Bekasi | J28: Jl. Masjid Raya No. 30 RT 001 RW 012 Kelurahan - Jaticempaka Kecamatan - Pondok Gede Kota Bekasi | K28: Kota Bekasi
E29: Jl. Pangrango Terusan No. 34 RT. 01 RW. 04,Desa/Kelurahan Jatibening Baru,Kecamatan Pondok Gede,Kota Bekasi,Jawa Barat,17412 | J29: Jl. Pangrango Terusan No. 34 RT. 01 RW. 04,Desa/Kelurahan Jatibening Baru,Kecamatan Pondok Gede,Kota Bekasi,Jawa Barat,17412 | K29: Kota Bekasi
E30: Jalan Raya Kampung Sawah No 50, Desa/Kelurahan Jatimelati, Kecamatan Pondokmelati, Kota Bekasi,Jawa Barat,17414 | J30: Jalan Raya Kampung Sawah No 50, Desa/Kelurahan Jatimelati, Kecamatan Pondokmelati, Kota Bekasi,Jawa Barat,17414 | K30: Kota Bekasi
E31: Jl. Margonda Raya No. 514 RT. 001 RW. 005 Jl. Raya Pondok Duta Kel. Pondok Cina Kec. Beji Kota Depok | J31: Jl. Margonda Raya No. 514 RT. 001 RW. 005 Jl. Raya Pondok Duta Kel. Pondok Cina Kec. Beji Kota Depok | K31: Kota Depok
E32: Jalan Raya Jatiwaringin 232 B Kelurahan Jaticempaka Kecamatan Pondokgede Kota Bekasi Jawa Barat 17411 | J32: Jalan Raya Jatiwaringin 232 B Kelurahan Jaticempaka Kecamatan Pondokgede Kota Bekasi Jawa Barat 17411 | K32: Kota Bekasi
E33: Jalan Jatibening Estate Kav.2 Kelurahan Jatibening Kecamatan Pondok Gede Kota Bekasi 17412 | J33: Jalan Jatibening Estate Kav.2 Kelurahan Jatibening Kecamatan Pondok Gede Kota Bekasi 17412 | K33: Kota Bekasi
E34: Jl. Jatiwaringin No. 130 Kel. Jatiwaringin Kec. Pondok Gede Kota Bekasi | J34: Jl. Jatiwaringin No. 130 Kel. Jatiwaringin Kec. Pondok Gede Kota Bekasi | K34: Kota Bekasi
E35: Jl. Lampiri Raya No.108 B Desa/Kelurahan Jatibening Baru,Kecamatan Pondok Gede, Kota Bekasi, Jawa Barat, 17412 | J35: Jl. Lampiri Raya No.108 B Desa/Kelurahan Jatibening Baru,Kecamatan Pondok Gede, Kota Bekasi, Jawa Barat, 17412 | K35: Kota Bekasi
E36: Jalan Anggrek Raya No. 27-28 RT 002/004 Kelurahan Depok Jaya Kecamatan Pancoran Mas 16432 | J36: Jalan Anggrek Raya No. 27-28 RT 002/004 Kelurahan Depok Jaya Kecamatan Pancoran Mas 16432 | K36: Kota Depok
E37: Ruko Kranggan Permai Blok RT 2 No. 4, RT 015 RW 015, Kelurahan Jatisampurna, Kecamatan Jatisampurna, Kota Bekasi, Jawa Barat 17433 | J37: Ruko Kranggan Permai Blok RT 2 No. 4, RT 015 RW 015, Kelurahan Jatisampurna, Kecamatan Jatisampurna, Kota Bekasi, Jawa Barat 17433 | K37: Kota Bekasi
E38: Ruko Blok II No. 12 A Jl. Raya Curug RT 007 RW 002 Kel. Jaticempaka, Kec. Pondok Gede, Kota Bekasi 17411 | J38: Ruko Blok II No. 12 A Jl. Raya Curug RT 007 RW 002 Kel. Jaticempaka, Kec. Pondok Gede, Kota Bekasi 17411 | K38: Kota Bekasi
... E174: Jl. Kejayaan No. 1 RT. 001 RW. 008,Desa/Kelurahan Abadijaya,Kecamatan Sukmajaya,Kota Depok,Jawa Barat,16417 | J174: Jl. Kejayaan No. 1 RT. 001 RW. 008,Desa/Kelurahan Abadijaya,Kecamatan Sukmajaya,Kota Depok,Jawa Barat,16417 | K174: Kota Depok
E175: Dusun Cibiru RT/RW 003/002 Desa Cimindi Kecamatan Cigugur Kabupaten Pangandaran
E176: Jl. Arjuna No. 37 RT 007/002, Kelurahan Slerok, Kecamatan Tegal Timur, Kota Tegal, Jawa Tengah, 52125
E177: Jl Caringin no 6A RT 003 RW 005 , Desa/Kelurahan Bojong Rawalumbu, Kec. Rawalumbu, Kota Bekasi
E178: Jalan Cipinang Jaya Blok A No. 09 Suite 103 Kelurahan Cipinang Besar Selatan, Kecamatan Jatinegara, Kota Jakarta Timur 13410
E179: Jalan Pandu Raya 141, RT 003/016, Desa/Kelurahan Tegal Gundil,Kecamatan Bogor Utara,Kota Bogor,Jawa Barat,16152
E180: Perumahan Alam Pesona Wanajaya Blok B No.2 Desa Wanajaya Kec. Cibitung Kab. Bekasi
E181: Jl. Budi Mulia Raya No. 8-L, RT 000 RW 00, Kel. Pademangan Barat, Kec. Pademangan, Jakarta Utara
E182: Jl. Raya Letjen Suprapto No 86 Desa Cijengkol, Kec. Setu Kabupaten Bekasi
E183: ITC Kuningan Lantai 4 Blok D1 No.1&8, Jl. Prof. Dr. Satio No.18, RT 011 RW 004 , Desa/Kel. Karet Kuningan, Kec. Setiabudi, Kota Jakarta Selatan
E184: Jl. Jengki No. 28 RT/RW : 008/004,Desa/Kelurahan Kebon Pala,Kecamatan Makasar,Kota Jakarta Timur,13650
E185: Podomoro Golf View Toko Block O3 No. 7, Jl. Mochamad Tohir, Desa Bojong Nangka Kec. Gunung Putri Kab. Bogor
E186: Pasar Sentul City Blok J No.16 Desa Citanggul Kecamatan Babakan Madang Kabupaten Bogor 16810
... E579: Jl. Karet Raya 28, RT 005 RW 011, Kel. Cibodasari, Kec. Cibodas, Kota Tangerang

Sheet POD Return
A1: Tracking ID | B1: No PO | C1: From name | D1: Status | E1: Inbound Date | F1: Completed Date
A2: 260604034459786K70N6N9-R01 | B2: 260604034459786K70N6N9 | C2: Apotek Gerbang Sentul | D2: Completed | F2: 46181
A3: 26060401134610B2FTGEHNX-R01 | B3: 26060401134610B2FTGEHNX | C3: Apotek Evita Gunung Sindur Gunung Sindur | D3: Completed | F3: 46179
A4: 26060303510620V9JV0THMI-R01 | B4: 26060303510620V9JV0THMI | C4: Apotek Harrison Legenda Wisata Nagrak Gunung Putri | D4: Completed | F4: 46179
A5: 26052507412185F9APIQM-R01 | B5: 26052507412185F9APIQM | C5: Apotek K24 Soklat Subang Soklat Subang | D5: Completed | E5: 46179 | F5: 46181
A6: 26053100342715E9G6IBKDT-R01 | B6: 26053100342715E9G6IBKDT | C6: Apotek Syamil Medika | D6: Completed | E6: 46179 | F6: 46181
A7: 26052905181790C6Z7IPVGZM-R01 | B7: 26052905181790C6Z7IPVGZM | C7: Apotek Jatiasri Farma Jatiluhur Jatiluhur | D7: Completed | E7: 46177 | F7: 46179
A8: 260530012524305QP6BWLZ-R01 | B8: 260530012524305QP6BWLZ | C8: Apotek Nadia Farma Sayang Jatinangor | D8: Pending Pickup
A9: 26053003261333WX9COI3QK-R01 | B9: 26053003261333WX9COI3QK | C9: Apotek Nindya Jonggol Jonggol | D9: Completed | F9: 46176
A10: 26052802222378FR1P0KFO1-R01 | B10: 26052802222378FR1P0KFO1 | C10: Apotek Magenta Raya Sukamaju Jonggol | D10: Completed | F10: 46172
A11: 26051103583050WIB8DPQG-R01 | B11: 26051103583050WIB8DPQG | C11: Apotek Jovita | D11: Completed | F11: 46172
A12: 26052508355982UFZG9JA-R01 | B12: 26052508355982UFZG9JA | C12: Apotek Harrison Legenda Wisata Nagrak Gunung Putri | D12: Completed | F12: 46172
A13: 26052103483319SNP4KXSV-R01 | B13: 26052103483319SNP4KXSV | C13: Apotek Harrison Legenda Wisata Nagrak Gunung Putri | D13: Completed | F13: 46172
A14: 26052302364379491TBNOP-R01 | B14: 26052302364379491TBNOP | C14: Apotek Magenta Raya Sukamaju Jonggol | D14: Completed | F14: 46172
A15: 26052106271214PQOBQIE1-R01 | B15: 26052106271214PQOBQIE1 | C15: Apotek Afiat | D15: Completed | F15: 46172
A16: 26052603361900LJZDMDLJY1-R01 | B16: 26052603361900LJZDMDLJY1 | C16: Apotek Sukamakmur | D16: Completed | F16: 46172
A17: 2603220315526037MV8R70Z1-R01 | B17: 2603220315526037MV8R70Z1 | C17: PT Teknologi Medika Pratama (SwipeRx) (B2BR) | D17: Cancelled
A18: 26052620533486WFLONM9UV1-R01 | B18: 26052620533486WFLONM9UV1 | C18: Apotek Magenta Raya Sukamaju Jonggol | D18: Completed | F18: 46172
A19: 26052201405647QN6PA0WBV-R01 | B19: 26052201405647QN6PA0WBV | C19: Apotek Syamil Medika | D19: Completed | E19: 46168 | F19: 46170
A20: 26052003491036UQJVAY22Q-R01 | B20: 26052003491036UQJVAY22Q | C20: PT Teknologi Medika Pratama (SwipeRx) (B2BR) | D20: Completed | F20: 46168
A21: 26042004205538R5ZC4SV2-R01 | B21: 26042004205538R5ZC4SV2 | C21: PT Teknologi Medika Pratama (SwipeRx) (B2BR) | D21: Completed | F21: 46168
A22: 26042005453301EQUJ5YXK3-R01 | B22: 26042005453301EQUJ5YXK3 | C22: PT Teknologi Medika Pratama (SwipeRx) (B2BR) | D22: Completed | F22: 46168
A23: 26050302421026U5AFMCCD2-R01 | B23: 26050302421026U5AFMCCD2 | C23: PT Teknologi Medika Pratama (SwipeRx) (B2BR) | D23: Completed | F23: 46168
A24: 260507112447936XESSFZW-R01 | B24: 260507112447936XESSFZW | C24: PT Teknologi Medika Pratama (SwipeRx) (B2BR) | D24: Completed | F24: 46168
A25: 26051104490909WTORWLDI-R01 | B25: 26051104490909WTORWLDI | C25: PT Teknologi Medika Pratama (SwipeRx) (B2BR) | D25: Completed | F25: 46168
A26: 26040603033348S7MC5KCGM-R01 | B26: 26040603033348S7MC5KCGM | C26: PT Teknologi Medika Pratama (SwipeRx) (B2BR) | D26: Completed | F26: 46168
A27: 26041303054971GNFIOO0A-R01 | B27: 26041303054971GNFIOO0A | C27: PT Teknologi Medika Pratama (SwipeRx) (B2BR) | D27: Completed | F27: 46168
A28: 26050205282144V4QAVY0KB-R01 | B28: 26050205282144V4QAVY0KB | C28: PT Teknologi Medika Pratama (SwipeRx) (B2BR) | D28: Completed | F28: 46168
A29: 26051300033870WGQAG9II-R01 | B29: 26051300033870WGQAG9II | C29: PT Teknologi Medika Pratama (SwipeRx) (B2BR) | D29: Completed | F29: 46168
A30: 2603220315526037MV8R70Z-R01 | B30: 2603220315526037MV8R70Z | C30: PT Teknologi Medika Pratama (SwipeRx) (B2BR) | D30: Completed | F30: 46168
A31: 26052303475905ATJLGU4RE-R01 | B31: 26052303475905ATJLGU4RE | C31: Apotek Lestari Medika Utama Cisaga Cisaga | D31: Completed | E31: 46169 | F31: 46170
A32: 26050403593958UZJBUNKBF1-R01 | B32: 26050403593958UZJBUNKBF1 | C32: Apotek Harrison Legenda Wisata Nagrak Gunung Putri | D32: Completed | E32: 46164 | F32: 46164
A33: 26040208391408DR99NNVOF1-R01 | B33: 26040208391408DR99NNVOF1 | C33: Klinik Utama Arsy Medika KalisurenTajur Halang | D33: Completed | E33: 46164 | F33: 46164
A34: 26051103332052YLGH7CXFR1-R01 | B34: 26051103332052YLGH7CXFR1 | C34: Apotek Bilabong Farma | D34: Completed | E34: 46164 | F34: 46165
A35: 260413062247980XA4GLQU01-R01 | B35: 260413062247980XA4GLQU01 | C35: Apotek Sehat Berkat Singajaya Jonggol | D35: Completed | E35: 46164 | F35: 46164
A36: 26050514420190EANVLJTQQ1-R01 | B36: 26050514420190EANVLJTQQ1 | C36: Apotek Harrison Jonggol | D36: Completed | E36: 46164 | F36: 46164
A37: 26042203352443WPVSB9ZWZ1-R01 | B37: 26042203352443WPVSB9ZWZ1 | C37: Klinik Pratama Rawat Jalan Danez Medika Bojong Kulur Gunung Putri | D37: Completed | E37: 46164 | F37: 46164
A38: 26050803040649IQ3CFNVQ41-R01 | B38: 26050803040649IQ3CFNVQ41 | C38: Apotek Indi Farma | D38: Completed | E38: 46164 | F38: 46164
A39: 26050802291204HYJNGQM2W1-R01 | B39: 26050802291204HYJNGQM2W1 | C39: Klinik Pratama Kalya Lena Curug Gn Sindur | D39: Completed | E39: 46164 | F39: 46164
A40: 26050402303232WWKV5UQUG1-R01 | B40: 26050402303232WWKV5UQUG1 | C40: Apotek Ainun | D40: Completed | E40: 46164 | F40: 46164
A41: 26050503392785VZN0DMGTD1-R01 | B41: 26050503392785VZN0DMGTD1 | C41: Apotek Harrison Legenda Wisata Nagrak Gunung Putri | D41: Completed | E41: 46164 | F41: 46164
A42: 26051600184166YCGMPSO1-R01 | B42: 26051600184166YCGMPSO1 | C42: Apotek Cahaya Pratama Nagrak Gunung Putri | D42: Completed | E42: 46164 | F42: 46164
A43: 26051600184166YCGMPSO-R01-01 | B43: 26051600184166YCGMPSO-01 | C43: SwipeRX Sameday | D43: Cancelled
A44: 26051705021532MEYSLGS4EL-R01 | B44: 26051705021532MEYSLGS4EL | C44: Apotek Rahmat Bojonggenteng Jampangkulon | D44: Completed | E44: 46163 | F44: 46167
A45: 26051203180577N3VT7WEFB4-R01 | B45: 26051203180577N3VT7WEFB4 | C45: Apotek Syamil Medika | D45: Completed | E45: 46158 | F45: 46160
A46: 26051202352396G6SZETXG09-R01 | B46: 26051202352396G6SZETXG09 | C46: Apotek Syamil Medika | D46: Completed | E46: 46158 | F46: 46160
A47: 26051203220382ZQ3SSS3CLQ-R01 | B47: 26051203220382ZQ3SSS3CLQ | C47: Apotek Deloveniar Cibening Bungursari | D47: Completed | E47: 46158 | F47: 46160
A48: 260512031805760R2XSYHONW-R01 | B48: 260512031805760R2XSYHONW | C48: Apotek Syamil Medika | D48: Completed | E48: 46158 | F48: 46160
A49: 26050903514392U2XZIELTVO-R01 | B49: 26050903514392U2XZIELTVO | C49: Apotek Rinjani 6901 | D49: Completed | E49: 46155 | F49: 46156
A50: 26050700530613XQAEZ8WCLU-R01 | B50: 26050700530613XQAEZ8WCLU | C50: Apotek Syamil Medika | D50: Completed | E50: 46154 | F50: 46156
A51: 26050403242875R5FTU08PX-R01 | B51: 26050403242875R5FTU08PX | C51: Apotek Syamil Medika | D51: Completed | E51: 46154 | F51: 46156
A52: 26050801320703IORVSKC31Q-R01 | B52: 26050801320703IORVSKC31Q | C52: Apotek Syamil Medika | D52: Completed | E52: 46154 | F52: 46156
A53: 26050700410958X84FFS6Y1-R01 | B53: 26050700410958X84FFS6Y1 | C53: Apotek Syamil Medika | D53: Completed | E53: 46154 | F53: 46156
A54: 26050604372851GZJ4NIEOW-R01 | B54: 26050604372851GZJ4NIEOW | C54: Apotek Harapan Hidup Kertaraharja Cikembar | D54: Completed | E54: 46153 | F54: 46155
A55: 26050401172151X2JJBH9RA-R01 | B55: 26050401172151X2JJBH9RA | C55: Apotek Berkah Krakatau Farma Kebonsari Citangkil | D55: Completed | E55: 46149 | F55: 46152
... A57: 26042113400997JRDDQCSJYE-R01 | B57: 26042113400997JRDDQCSJYE | C57: Apotek Bariz Jaya Kedunggebang Tegaldlimo | D57: Completed | E57: 46146 | F57: 46147
A58: 26042113400997WGRHRNHY04-R01 | B58: 26042113400997WGRHRNHY04 | C58: Apotek Bariz Jaya Kedunggebang Tegaldlimo | D58: Cancelled
A59: 26042402354067WQ97J4YYBZ-R01 | B59: 26042402354067WQ97J4YYBZ | C59: Apotek Dayu Tunggorono Jombang | D59: Completed | E59: 46140 | F59: 46143
A60: 26031205425384KPG5BUKB3-R01 | B60: 26031205425384KPG5BUKB3 | C60: Apotek Mojosongo Balong Besuk Diwek | D60: Completed | E60: 46135 | F60: 46137
A61: 260420003402000CCLWYR0-R01 | B61: 260420003402000CCLWYR0 | C61: Apotek Syamil Medika | D61: Completed | E61: 46135 | F61: 46136
A62: 26041804001157MXGAQHCDI-R01 | B62: 26041804001157MXGAQHCDI | C62: Apotek Syamil Medika | D62: Completed | E62: 46133 | F62: 46134
A63: 26041803344681IGZRGZV1S-R01 | B63: 26041803344681IGZRGZV1S | C63: Apotek Syamil Medika | D63: Completed | E63: 46133 | F63: 46134
A64: 260413004308885DULGULXW9-R01 | B64: 260413004308885DULGULXW9 | C64: Apotek Syamil Medika | D64: Completed | E64: 46129 | F64: 46131
A65: 26040101460603NNI8XMNVP-R01 | B65: 26040101460603NNI8XMNVP | C65: Apotek Sumber Rejeki 7760 | D65: Completed | E65: 46128 | F65: 46130
A66: 26041301475897CGKMAM5T5-R01 | B66: 26041301475897CGKMAM5T5 | C66: Apotek Syamil Medika | D66: Completed | E66: 46129 | F66: 46131
A67: 26041103494356UACF09U3R-R01 | B67: 26041103494356UACF09U3R | C67: Apotek Ikhlas | D67: Completed | E67: 46125 | F67: 46127
A68: 26033115465115BNYTRXRXBN-R01 | B68: 26033115465115BNYTRXRXBN | C68: Apotek Mustika Dalima 2 Kotakulon Sumedang Selatan | D68: Completed | E68: 46122 | F68: 46123
A69: 26032402033451EMLABANOJ-R01 | B69: 26032402033451EMLABANOJ | C69: Apotek Syamil Medika | D69: Completed | E69: 46123 | F69: 46125
A70: 26040603142115HY5HQM89N-R01 | B70: 26040603142115HY5HQM89N | C70: Apotek Shafa Medika Sukaraja Sukaraja | D70: Completed | E70: 46119 | F70: 46121
... A85: 260222234746103CWNW6WELX-R01 | B85: 260222234746103CWNW6WELX | C85: Apotek Azri Farma | D85: Completed | E85: 46081 | F85: 46083
A86: 26022104285423OB4QUCBF-R01 | B86: 26022104285423OB4QUCBF | C86: Apotek Aulia Farma 6749 | D86: Cancelled | E86: 46081
A87: 26022302405318TYGECMQK-R01 | B87: 26022302405318TYGECMQK | C87: Apotek Syamil Medika | D87: Completed | E87: 46080 | F87: 46081
A88: 260221043109707LNTJI9BEH-R01 | B88: 260221043109707LNTJI9BEH | C88: Apotek Syamil Medika | D88: Completed | E88: 46080 | F88: 46081
A89: 260218033538920SNAQNLIW1-R01 | B89: 260218033538920SNAQNLIW1 | C89: Apotek Senyum Farma Kesilir Siliragung | D89: Completed | E89: 46079 | F89: 46080
A90: 26021706254282AIYYU3JB-R01 | B90: 26021706254282AIYYU3JB | C90: Apotek Galaxy Bunda Farma Sumberberas Muncar | D90: Completed | E90: 46079 | F90: 46080
A91: 26021100305260218-R01 | B91: 2.60211e+16 | C91: Apotek Kota Bumi Farma Kotabumi Purwakarta | D91: Completed | E91: 46075 | F91: 46079
A92: 26020904203754IG1WYCIYI5-R01 | B92: 26020904203754IG1WYCIYI5 | C92: Apotek Assyfa Farma Ciseureuh Purwakarta | D92: Completed | E92: 46073 | F92: 46075
A93: 26020904203754CDJHKGV0M-R01 | B93: 26020904203754CDJHKGV0M | C93: Apotek Assyfa Farma Ciseureuh Purwakarta | D93: Completed | E93: 46073 | F93: 46074
A94: 26021100305426QEVXSHFOT-R01 | B94: 26021100305426QEVXSHFOT | C94: Apotek Syamil Medika | D94: Completed | E94: 46077 | F94: 46078
A95: 26021108194091GL5QBCDERE-R01 | B95: 26021108194091GL5QBCDERE | C95: Apotek Harapan Hidup Kertaraharja Cikembar | D95: Completed | E95: 46067 | F95: 46069
A96: 26020900300094T7D64ARYON-R01 | B96: 26020900300094T7D64ARYON | C96: Apotek Syamil Medika | D96: Completed | E96: 46068 | F96: 46069
