Workbook

Sheet Sheet1
A1: No. | B1: NV Hub | C1: TMP Hub | D1: TMP Address
A2: 1 | B2: BDO-CBT | C2: TMP Depok | D2: KUBIK LOGISTICS - Kompleks Pergudangan, Jl. Tugu Raya, Tugu, Kec. Cimanggis, Kota Depok, Jawa Barat 16451
A3: 2 | B3: BDO-CJR | C3: TMP Depok | D3: KUBIK LOGISTICS - Kompleks Pergudangan, Jl. Tugu Raya, Tugu, Kec. Cimanggis, Kota Depok, Jawa Barat 16451
A4: 3 | B4: BDO-CMS | C4: TMP Depok | D4: KUBIK LOGISTICS - Kompleks Pergudangan, Jl. Tugu Raya, Tugu, Kec. Cimanggis, Kota Depok, Jawa Barat 16451
A5: 4 | B5: BDO-KJG | C5: TMP Depok | D5: KUBIK LOGISTICS - Kompleks Pergudangan, Jl. Tugu Raya, Tugu, Kec. Cimanggis, Kota Depok, Jawa Barat 16451
A6: 5 | B6: BDO-KJT | C6: TMP Depok | D6: KUBIK LOGISTICS - Kompleks Pergudangan, Jl. Tugu Raya, Tugu, Kec. Cimanggis, Kota Depok, Jawa Barat 16451
A7: 6 | B7: BDO-LKG | C7: TMP Depok | D7: KUBIK LOGISTICS - Kompleks Pergudangan, Jl. Tugu Raya, Tugu, Kec. Cimanggis, Kota Depok, Jawa Barat 16451
A8: 7 | B8: CBN-GDM
A9: 8 | B9: CBN-KNG
A10: 9 | B10: CBN-PWO | C10: TMP Surabaya | D10: PT Teknologi Medika Pratama - Surabaya, Jl. Rungkut Industri III No.12, Kutisari, Kec. Tenggilis Mejoyo, Kota Surabaya, Jawa Timur 60291
A11: 10 | B11: CBN-SUM | C11: TMP Depok | D11: KUBIK LOGISTICS - Kompleks Pergudangan, Jl. Tugu Raya, Tugu, Kec. Cimanggis, Kota Depok, Jawa Barat 16451
A12: 11 | B12: CBN-TGL | C12: TMP Surabaya | D12: PT Teknologi Medika Pratama - Surabaya, Jl. Rungkut Industri III No.12, Kutisari, Kec. Tenggilis Mejoyo, Kota Surabaya, Jawa Timur 60291
A13: 12 | B13: MAC-CST | C13: TMP Depok | D13: KUBIK LOGISTICS - Kompleks Pergudangan, Jl. Tugu Raya, Tugu, Kec. Cimanggis, Kota Depok, Jawa Barat 16451
A14: 13 | B14: MAC-KLR | C14: TMP Depok | D14: KUBIK LOGISTICS - Kompleks Pergudangan, Jl. Tugu Raya, Tugu, Kec. Cimanggis, Kota Depok, Jawa Barat 16451
A15: 14 | B15: SOC-BJN | C15: TMP Surabaya | D15: PT Teknologi Medika Pratama - Surabaya, Jl. Rungkut Industri III No.12, Kutisari, Kec. Tenggilis Mejoyo, Kota Surabaya, Jawa Timur 60291
A16: 15 | B16: SOC-KGD | C16: TMP Surabaya | D16: PT Teknologi Medika Pratama - Surabaya, Jl. Rungkut Industri III No.12, Kutisari, Kec. Tenggilis Mejoyo, Kota Surabaya, Jawa Timur 60291
A17: 16 | B17: SOC-KLN | C17: TMP Surabaya | D17: PT Teknologi Medika Pratama - Surabaya, Jl. Rungkut Industri III No.12, Kutisari, Kec. Tenggilis Mejoyo, Kota Surabaya, Jawa Timur 60291
A18: 17 | B18: SOC-PNG | C18: TMP Surabaya | D18: PT Teknologi Medika Pratama - Surabaya, Jl. Rungkut Industri III No.12, Kutisari, Kec. Tenggilis Mejoyo, Kota Surabaya, Jawa Timur 60291
A19: 18 | B19: SOC-SGN | C19: TMP Surabaya | D19: PT Teknologi Medika Pratama - Surabaya, Jl. Rungkut Industri III No.12, Kutisari, Kec. Tenggilis Mejoyo, Kota Surabaya, Jawa Timur 60291
A20: 19 | B20: SOC-TLG | C20: TMP Surabaya | D20: PT Teknologi Medika Pratama - Surabaya, Jl. Rungkut Industri III No.12, Kutisari, Kec. Tenggilis Mejoyo, Kota Surabaya, Jawa Timur 60291
A21: 20 | B21: SOC-WNG | C21: TMP Surabaya | D21: PT Teknologi Medika Pratama - Surabaya, Jl. Rungkut Industri III No.12, Kutisari, Kec. Tenggilis Mejoyo, Kota Surabaya, Jawa Timur 60291
... A38: 37 | B38: MAC-MA5 | C38: TMP Depok | D38: KUBIK LOGISTICS - Kompleks Pergudangan, Jl. Tugu Raya, Tugu, Kec. Cimanggis, Kota Depok, Jawa Barat 16451

Sheet Sheet2
A1: Region | B1: L2 | C1: L3 | D1: Final Hub | E1: TMP
A2: West Java | B2: Kab. Kuningan | C2: Kadugede | D2: CBN-KNG | E2: =vlookup(B2,Sheet3!E:F,2,0) -> TMP Depok
A3: Central Java | B3: Kab. Brebes | C3: Bantarkawung | D3: CBN-KNG | E3: =vlookup(B3,Sheet3!E:F,2,0) -> #N/A
A4: West Java | B4: Kab. Cirebon | C4: Kapetakan | D4: CBN-SUM | E4: =vlookup(B4,Sheet3!E:F,2,0) -> #N/A
A5: Central Java | B5: Kab. Brebes | C5: Tonjong | D5: CBN-KNG | E5: =vlookup(B5,Sheet3!E:F,2,0) -> #N/A
A6: Central Java | B6: Kab. Tegal | C6: Margasari | D6: CBN-KNG | E6: =vlookup(B6,Sheet3!E:F,2,0) -> TMP Surabaya
A7: Central Java | B7: Kab. Brebes | C7: Bumiayu | D7: CBN-GDM | E7: =vlookup(B7,Sheet3!E:F,2,0) -> #N/A
A8: Central Java | B8: Kab. Brebes | C8: Paguyangan | D8: CBN-PWO | E8: =vlookup(B8,Sheet3!E:F,2,0) -> #N/A
A9: West Java | B9: Kab. Kuningan | C9: Cibingbin | D9: CBN-KNG | E9: =vlookup(B9,Sheet3!E:F,2,0) -> TMP Depok
A10: West Java | B10: Kab. Kuningan | C10: Nusaherang | D10: CBN-KNG | E10: =vlookup(B10,Sheet3!E:F,2,0) -> TMP Depok
A11: West Java | B11: Kab. Kuningan | C11: Pasawahan | D11: CBN-KNG | E11: =vlookup(B11,Sheet3!E:F,2,0) -> TMP Depok
A12: West Java | B12: Kab. Kuningan | C12: Subang | D12: CBN-KNG | E12: =vlookup(B12,Sheet3!E:F,2,0) -> TMP Depok
A13: West Java | B13: Kab. Majalengka | C13: Sindangwangi | D13: CBN-SUM | E13: =vlookup(B13,Sheet3!E:F,2,0) -> TMP Depok
... A228: Central Java | B228: Kab. Pekalongan | C228: Kandangserang | D228: CBN-TGL | E228: =vlookup(B228,Sheet3!E:F,2,0) -> #N/A

Sheet Sheet3
C1: from_address1 | D1: to_city | E1: Kab. | F1: TMP
C2: Jl. Rungkut Industri III No.12, Kutisari, Kec. Tenggilis Mejoyo, Surabaya, Jawa Timur 60291 | D2: Banyuwangi | E2: =$E$1&D2 -> Kab. Banyuwangi | F2: TMP Surabaya
C3: Jl. Rungkut Industri III No.12, Kutisari, Kec. Tenggilis Mejoyo, Surabaya, Jawa Timur 60291 | D3: bojonegoro | E3: =$E$1&D3 -> Kab. bojonegoro | F3: TMP Surabaya
C4: Jl. Rungkut Industri III No.12, Kutisari, Kec. Tenggilis Mejoyo, Surabaya, Jawa Timur 60291 | D4: Grobogan | E4: =$E$1&D4 -> Kab. Grobogan | F4: TMP Surabaya
C5: Jl. Rungkut Industri III No.12, Kutisari, Kec. Tenggilis Mejoyo, Surabaya, Jawa Timur 60291 | D5: Jombang | E5: =$E$1&D5 -> Kab. Jombang | F5: TMP Surabaya
C6: Jl. Rungkut Industri III No.12, Kutisari, Kec. Tenggilis Mejoyo, Surabaya, Jawa Timur 60291 | D6: kediri | E6: =$E$1&D6 -> Kab. kediri | F6: TMP Surabaya
C7: Jl. Rungkut Industri III No.12, Kutisari, Kec. Tenggilis Mejoyo, Surabaya, Jawa Timur 60291 | D7: Kendal | E7: =$E$1&D7 -> Kab. Kendal | F7: TMP Surabaya
C8: Jl. Rungkut Industri III No.12, Kutisari, Kec. Tenggilis Mejoyo, Surabaya, Jawa Timur 60291 | D8: Nganjuk | E8: =$E$1&D8 -> Kab. Nganjuk | F8: TMP Surabaya
C9: Jl. Rungkut Industri III No.12, Kutisari, Kec. Tenggilis Mejoyo, Surabaya, Jawa Timur 60291 | D9: Ngawi | E9: =$E$1&D9 -> Kab. Ngawi | F9: TMP Surabaya
C10: Jl. Rungkut Industri III No.12, Kutisari, Kec. Tenggilis Mejoyo, Surabaya, Jawa Timur 60291 | D10: Purworejo | E10: =$E$1&D10 -> Kab. Purworejo | F10: TMP Surabaya
C11: Jl. Rungkut Industri III No.12, Kutisari, Kec. Tenggilis Mejoyo, Surabaya, Jawa Timur 60291 | D11: salatiga | E11: =$E$1&D11 -> Kab. salatiga | F11: TMP Surabaya
C12: Jl. Rungkut Industri III No.12, Kutisari, Kec. Tenggilis Mejoyo, Surabaya, Jawa Timur 60291 | D12: Sragen | E12: =$E$1&D12 -> Kab. Sragen | F12: TMP Surabaya
C13: Jl. Rungkut Industri III No.12, Kutisari, Kec. Tenggilis Mejoyo, Surabaya, Jawa Timur 60291 | D13: Tegal | E13: =$E$1&D13 -> Kab. Tegal | F13: TMP Surabaya
... C71: Jl. Tugu Raya, Tugu, Kec. Cimanggis, Kota Depok, Jawa Barat 16451,KUBIK LOGISTICS - Kompleks Pergudangan,Gudang E1 | D71: Kota Bekasi | E71: =$E$1&D71 -> Kab. Kota Bekasi | F71: TMP Depok
